ID,Year_Birth,Age,Kidhome,Teenhome,Dt_Customer,MntWines,MntFruits,MntMeatProducts,MntFishProducts,MntSweetProducts,MntOtherProds,NumStorePurchases,NumDealPurchases,NumWebPurchases,NumCatalogPurchases,NumWebVisitsMonth,MntTotal,ResponseCC
1,1961,63,0,0,1/09/2022,10672,115,1472,161,0,851,3,35,14,6,7,13271,0
9,1975,49,1,1,4/11/2020,1311,0,621,0,0,828,12,56,6,4,2,2760,0
13,1947,77,0,1,8/10/2021,437,0,115,0,0,184,6,42,2,0,3,736,0
17,1971,53,0,1,23/11/2021,14651,1081,5451,276,437,1748,12,35,12,22,7,23644,0
20,1965,59,0,1,18/11/2021,989,276,529,667,345,1403,3,28,4,2,4,4209,0
25,1958,66,0,1,2/02/2021,10580,805,9706,759,276,3519,6,28,12,12,7,25645,0
49,1970,54,1,0,28/07/2022,46,69,138,92,23,207,3,49,2,2,2,575,0
67,1972,52,1,1,5/12/2021,1564,0,368,0,0,184,9,49,4,0,4,2116,0
73,1953,71,1,2,12/08/2021,322,0,69,0,0,23,3,35,0,0,3,414,0
78,1969,55,1,0,2/12/2021,345,0,253,0,46,207,3,56,2,2,2,851,0
87,1981,43,1,0,12/11/2021,0,161,115,598,46,391,6,49,4,0,3,1311,0
115,1966,58,0,1,12/06/2021,6325,253,1564,575,161,161,9,35,10,2,8,9039,0
123,1951,73,0,1,25/03/2021,12512,805,3059,529,3473,2461,6,14,8,10,4,22839,0
143,1970,54,0,0,11/11/2021,10718,0,5152,2737,1127,2277,3,14,10,6,4,22011,0
146,1960,64,0,0,1/02/2022,17480,1219,9200,391,2139,0,3,14,8,10,11,30429,0
153,1953,71,0,0,3/01/2022,437,69,138,92,46,276,3,28,2,0,3,1058,0
164,1977,47,0,0,30/12/2020,4738,0,1058,69,46,276,6,56,10,2,5,6187,0
176,1980,44,0,1,21/03/2022,2070,874,1541,759,828,1541,3,21,8,2,6,7613,0
193,1996,28,0,0,6/05/2022,0,0,46,69,69,184,3,35,2,0,2,368,0
195,1972,52,1,0,12/11/2020,2875,391,1196,69,437,690,12,56,10,2,4,5658,0
199,1962,62,0,0,8/04/2021,5037,69,1380,276,207,276,3,49,8,2,7,7245,0
202,1948,76,0,0,22/06/2022,7636,4462,8671,3427,2875,1311,0,7,8,12,7,28382,0
213,1963,61,1,1,14/08/2022,805,0,253,0,0,46,12,49,4,2,3,1104,0
217,1956,68,0,0,9/02/2021,12788,322,16491,4830,0,989,3,28,14,10,10,35420,0
221,1955,69,0,1,14/07/2021,3174,69,874,92,0,1357,9,42,6,4,4,5566,0
232,1965,59,0,1,3/10/2021,6417,1909,2024,736,322,782,3,21,8,4,10,12190,0
234,1979,45,1,0,27/12/2020,23,46,184,92,69,299,6,49,2,2,2,713,0
236,1951,73,1,1,7/04/2021,644,529,667,667,322,1081,9,42,4,2,4,3910,0
246,1965,59,1,1,17/08/2022,4577,207,1311,460,483,138,21,28,8,2,7,7176,0
247,1971,53,1,0,3/02/2021,3956,230,2875,483,299,368,18,63,14,4,4,8211,0
252,1963,61,0,0,3/06/2021,2829,3059,3266,1633,1012,2024,3,42,12,4,8,13823,0
255,1951,73,1,1,16/06/2022,391,0,46,0,0,46,6,42,2,0,3,483,0
257,1959,65,0,1,15/07/2021,21896,276,4140,1081,276,276,6,21,10,8,9,27945,0
263,1945,79,0,0,14/08/2022,1288,437,667,46,322,575,3,56,6,2,3,3335,0
269,1963,61,0,1,2/02/2021,17871,690,3749,0,1173,2806,18,63,8,8,7,26289,0
271,1969,55,1,1,19/12/2021,3542,0,1150,138,253,851,15,42,6,8,3,5934,0
274,1973,51,1,1,11/03/2022,207,69,345,46,69,46,6,42,4,0,3,782,0
286,1952,72,1,1,15/02/2022,2185,253,805,0,92,161,12,42,4,2,5,3496,0
295,1989,35,0,0,5/10/2021,11339,1610,7452,3358,920,1932,3,7,6,14,11,26611,1
310,1970,54,0,1,1/03/2022,7590,115,3657,828,621,368,12,28,8,8,9,13179,0
332,1957,67,0,1,8/06/2021,4554,46,989,0,276,460,9,42,8,2,6,6325,0
339,1972,52,0,1,9/02/2021,10626,0,552,138,0,92,6,49,18,4,5,11408,0
340,1970,54,0,1,3/03/2021,3634,805,4117,0,0,2875,6,35,14,4,8,11431,0
347,1976,48,0,1,25/11/2020,5267,621,1633,299,69,782,12,63,14,2,5,8671,0
361,1969,55,1,1,7/05/2022,115,23,161,46,23,92,3,49,2,0,2,460,0
368,1974,50,0,1,15/02/2021,2093,1495,1196,230,1012,644,9,35,6,4,6,6670,0
375,1954,70,0,0,14/05/2021,11868,1288,10327,1978,759,368,3,7,4,4,11,26588,0
378,1971,53,0,0,18/03/2021,6509,2576,3473,1173,1656,2875,6,42,14,4,10,18262,0
405,1964,60,0,1,2/05/2021,7245,0,713,92,0,2093,12,56,10,10,3,10143,0
425,1985,39,2,0,8/05/2021,8602,1472,2668,1932,575,1472,9,35,12,4,11,16721,0
437,1976,48,0,0,13/04/2022,6762,3266,5014,3772,1334,3473,3,7,6,16,11,23621,0
451,1989,35,1,0,8/03/2022,207,0,161,46,0,92,3,56,2,2,2,506,0
453,1956,68,1,1,15/09/2022,621,0,276,0,23,115,6,35,4,0,3,1035,0
477,1986,38,0,0,3/09/2022,24380,1403,19205,1840,460,2323,3,7,8,14,10,49611,1
486,1988,36,0,0,21/04/2022,9982,3151,9200,1035,3151,1035,3,7,6,8,10,27554,1
523,1989,35,1,0,19/04/2021,529,0,598,161,345,69,3,35,4,0,4,1702,0
528,1978,46,0,0,15/02/2021,6141,874,16123,3427,3795,1449,3,21,10,8,10,31809,1
531,1954,70,0,1,9/12/2020,21643,322,9131,1748,1334,4048,33,42,16,10,9,38226,0
538,1989,35,1,0,29/04/2022,713,207,621,368,207,759,3,21,2,2,4,2875,0
544,1954,70,0,0,28/07/2021,9154,1403,6095,3174,1403,1219,3,7,6,8,6,22448,0
550,1952,72,0,1,9/08/2021,5589,3013,4991,1955,138,598,6,14,6,6,13,16284,0
569,1991,33,0,0,2/03/2022,16192,2967,19619,2760,1702,2553,3,14,10,12,7,45793,1
574,1964,60,0,0,10/07/2022,322,828,253,69,598,805,3,14,2,2,4,2875,0
590,1970,54,0,0,10/03/2021,18768,1518,12627,4968,1518,2277,3,21,10,12,4,41676,1
591,1957,67,0,1,8/04/2021,6739,805,4117,1058,1357,1495,6,49,16,6,7,15571,0
606,1967,57,1,1,27/12/2021,138,23,46,46,0,92,3,49,2,0,2,345,0
607,1955,69,0,1,2/05/2021,6946,667,3013,736,0,621,18,56,16,2,7,11983,0
618,1977,47,0,1,15/12/2020,9706,161,5474,1587,1058,345,3,28,14,4,12,18331,0
626,1951,73,1,1,26/05/2021,506,46,276,0,46,115,3,28,2,0,3,989,0
635,1966,58,1,1,5/06/2021,10672,115,1472,161,0,1610,24,56,18,2,7,14030,0
640,1951,73,0,1,28/05/2021,8188,1840,7567,3174,391,2438,6,35,14,12,10,23598,0
642,1980,44,1,0,31/10/2020,23,69,46,460,690,1081,9,56,4,2,2,2369,0
675,1973,51,1,1,3/08/2021,3358,0,2139,161,299,1679,15,49,8,4,5,7636,0
679,1957,67,1,1,7/12/2020,299,92,460,0,0,23,6,63,2,0,3,874,0
737,1949,75,0,0,20/05/2021,34339,1978,10442,2576,989,989,6,14,8,8,5,51313,0
738,1981,43,1,1,21/06/2022,1104,299,1311,552,345,575,12,49,6,2,4,4186,0
760,1975,49,1,0,26/10/2021,13524,161,1748,2530,345,345,6,42,16,8,9,18653,0
773,1971,53,1,1,16/09/2021,8717,92,2139,276,207,2254,21,42,12,12,4,13685,0
793,1973,51,1,0,23/12/2020,414,69,391,69,0,92,3,63,4,0,3,1035,0
796,1965,59,0,1,9/01/2021,13432,1012,4876,1058,184,4071,9,56,22,8,8,24633,0
810,1975,49,0,1,29/07/2022,3473,1863,1978,3864,2093,1472,6,14,8,4,11,14743,0
819,1945,79,0,0,22/01/2022,11684,2852,5727,1150,874,3082,3,21,12,10,13,25369,0
830,1987,37,0,0,13/05/2022,18032,1104,12880,966,4048,1104,3,21,8,12,4,38134,1
833,1955,69,1,1,16/06/2022,1288,0,322,0,0,46,9,49,6,0,3,1656,0
837,1977,47,1,1,28/11/2021,1449,138,1311,299,299,506,12,28,4,2,5,4002,0
839,1975,49,1,0,12/12/2021,2231,92,1012,138,23,414,3,35,6,2,4,3910,0
843,1971,53,1,0,12/08/2022,6969,0,6440,1380,3381,345,12,42,16,4,11,18515,0
850,1968,56,0,1,23/12/2021,8763,644,4945,1932,644,483,6,21,12,10,9,17411,0
851,1972,52,1,1,25/09/2021,7038,115,2507,483,2507,2116,27,42,10,4,10,14766,0
873,1949,75,1,1,18/12/2020,25277,0,1035,0,0,782,33,56,6,8,10,27094,0
879,1976,48,0,2,21/01/2022,9453,0,598,0,0,483,18,49,14,2,7,10534,0
898,1986,38,1,0,7/01/2022,874,345,1242,69,184,667,9,56,6,0,4,3381,0
905,1986,38,1,0,8/01/2022,161,391,414,138,230,598,12,56,8,0,3,1932,0
907,1975,49,0,1,15/02/2022,5842,138,1633,92,0,621,15,35,10,2,7,8326,0
922,1979,45,1,1,21/07/2021,368,46,253,69,0,368,6,56,2,2,2,1104,0
938,1981,43,1,1,16/10/2021,1173,23,161,46,23,575,6,56,4,2,2,2001,0
940,1987,37,1,0,4/08/2022,3634,253,2277,345,253,391,6,21,6,4,7,7153,0
942,1982,42,1,0,25/10/2020,3197,299,1794,460,299,828,9,63,14,2,3,6877,0
954,1960,64,0,0,13/06/2022,69,69,552,782,161,713,3,35,4,2,3,2346,0
961,1972,52,0,1,29/11/2021,3059,621,9683,299,4485,1633,6,28,14,6,5,19780,0
966,1966,58,0,1,21/09/2021,12374,299,2093,391,138,598,18,35,12,4,11,15893,0
967,1976,48,1,1,7/10/2021,7866,207,2576,437,322,437,30,49,10,4,9,11845,0
968,1968,56,1,0,14/03/2022,2576,437,483,368,322,115,9,49,8,2,4,4301,0
975,1956,68,1,1,14/08/2021,4094,92,598,184,92,1012,15,42,8,2,5,6072,0
979,1975,49,1,0,9/05/2021,138,230,483,437,322,966,6,42,4,2,3,2576,0
983,1984,40,1,0,15/12/2021,2530,667,2116,644,230,3335,3,56,12,4,3,9522,0
1020,1973,51,0,0,29/07/2022,8050,1380,13064,2530,3059,3335,3,14,10,12,7,31418,0
1031,1989,35,0,0,22/07/2021,13800,460,8050,667,690,759,3,14,12,18,10,24426,1
1041,1973,51,0,1,4/01/2021,7406,69,1150,92,69,966,15,56,14,2,6,9752,0
1048,1972,52,1,0,30/09/2021,1449,69,1541,184,207,644,6,49,6,2,4,4094,0
1052,1969,55,0,1,5/05/2021,15088,874,3703,1426,1081,851,9,49,16,18,7,23023,0
1055,1976,48,1,1,6/06/2022,667,0,184,46,0,138,3,28,2,0,3,1035,0
1064,1971,53,1,0,27/02/2022,506,23,253,0,115,69,3,56,2,0,3,966,0
1065,1963,61,0,0,17/03/2022,12811,2967,22632,4439,851,414,3,14,10,16,5,44114,0
1071,1976,48,0,1,7/10/2021,12236,2024,3864,1587,1012,3059,9,35,14,6,13,23782,0
1072,1965,59,0,1,16/11/2021,1610,0,391,0,0,138,6,42,4,2,3,2139,0
1079,1971,53,0,1,2/01/2021,23000,0,1748,0,0,230,9,56,6,8,9,24978,0
1081,1957,67,1,2,13/06/2021,16859,207,4140,276,437,1518,33,28,12,6,5,23437,0
1092,1980,44,0,1,28/10/2020,6187,2967,11385,4186,989,667,12,49,18,6,4,26381,0
1103,1976,48,1,0,16/12/2020,34178,1265,6394,1127,0,4255,6,42,8,8,10,47219,1
1118,1956,68,0,1,9/05/2021,12512,299,1955,184,138,667,9,56,20,8,5,15755,0
1127,1973,51,0,0,15/08/2022,21574,437,19389,575,2185,874,3,14,12,12,7,45034,1
1131,1967,57,0,1,22/06/2022,1955,0,69,0,0,161,3,21,4,0,4,2185,0
1139,1984,40,0,0,25/04/2022,24150,322,7406,0,322,2576,3,14,10,22,5,34776,0
1143,1972,52,1,0,25/10/2021,161,230,299,69,253,253,6,49,4,0,3,1265,0
1158,1966,58,0,1,24/03/2022,2346,23,345,46,0,552,3,49,6,0,4,3312,0
1162,1987,37,0,0,29/03/2021,2852,1909,6141,1955,1357,805,6,35,10,4,11,15019,0
1165,1958,66,1,1,19/07/2021,5497,299,3289,1035,92,1196,27,42,12,4,7,11408,0
1168,1978,46,0,0,15/01/2021,7406,1219,20677,782,920,1219,3,14,8,12,10,32223,1
1170,1975,49,1,0,11/06/2021,1150,345,2530,897,345,345,12,56,10,2,4,5612,0
1172,1983,41,0,0,18/07/2021,22517,1012,21505,667,575,506,3,21,14,10,12,46782,1
1175,1983,41,0,0,7/12/2021,2024,897,1242,1472,644,3519,3,42,6,10,3,9798,0
1176,1973,51,1,0,9/12/2021,46,138,92,69,23,207,3,56,2,0,2,575,0
1183,1949,75,1,1,8/12/2021,207,23,92,69,46,69,3,42,2,0,2,506,0
1204,1970,54,0,1,8/08/2021,28819,0,10281,529,1633,805,9,56,22,10,11,42067,1
1212,1973,51,1,0,30/10/2021,8832,575,6716,2990,943,1472,9,42,16,16,6,21528,0
1241,1984,40,1,0,4/12/2020,299,69,184,161,92,368,6,63,2,0,3,1173,0
1250,1976,48,1,0,26/04/2022,782,138,483,253,92,184,3,42,4,2,3,1932,0
1272,1965,59,0,1,7/01/2021,15272,1334,1909,736,0,1518,12,35,14,10,10,20769,0
1307,1978,46,0,1,28/04/2022,621,115,184,184,69,276,9,28,6,0,4,1449,0
1321,1974,50,1,0,21/01/2022,506,46,414,0,46,276,9,56,6,0,3,1288,0
1328,1982,42,0,1,5/05/2022,6003,966,3312,1265,1104,3059,9,21,8,8,9,15709,1
1362,1972,52,0,0,21/05/2021,759,2001,1472,4025,368,1702,3,49,12,2,6,10327,0
1381,1982,42,1,0,16/04/2022,3956,69,2645,368,0,414,15,56,12,2,5,7452,0
1384,1992,32,1,0,9/02/2022,138,92,322,184,184,506,6,56,4,2,2,1426,0
1388,1975,49,1,0,9/05/2021,138,230,483,437,322,966,6,42,4,2,3,2576,0
1399,1958,66,0,0,9/04/2022,9361,2622,10235,4163,3795,4669,3,7,6,14,9,34845,0
1406,1975,49,1,1,1/05/2021,6440,161,1863,460,0,621,24,49,12,6,5,9545,0
1407,1986,38,1,0,15/01/2021,92,276,115,69,368,391,6,49,4,0,3,1311,0
1446,1956,68,0,0,22/06/2022,8901,1564,13087,2047,1035,1564,3,7,12,18,12,28198,0
1448,1963,61,1,2,11/09/2022,483,276,276,0,69,69,9,28,4,0,4,1173,0
1453,1943,81,0,0,22/09/2021,16905,920,4209,1196,460,690,6,42,18,6,13,24380,0
1456,1979,45,0,1,18/06/2021,6095,4577,6969,5382,207,3910,21,49,20,4,12,27140,0
1458,1982,42,1,0,26/03/2022,184,69,437,69,69,184,9,42,6,0,3,1012,0
1459,1966,58,0,1,24/01/2021,15318,805,2852,1587,184,598,3,21,10,6,5,21344,0
1463,1958,66,1,1,15/06/2022,184,46,115,69,0,69,3,49,2,0,2,483,0
1490,1962,62,0,1,14/02/2021,15525,0,1955,230,161,1771,15,56,20,6,8,19642,0
1497,1952,72,0,1,7/04/2021,6164,253,2024,345,69,506,6,35,12,6,5,9361,0
1506,1975,49,1,1,14/09/2021,1104,207,1035,69,345,460,12,42,4,2,4,3220,0
1518,1965,59,1,1,3/09/2021,8717,138,3611,575,2093,2093,15,49,18,6,7,17227,0
1523,1973,51,1,1,24/07/2022,1587,46,345,46,46,138,6,35,4,0,4,2208,0
1524,1983,41,0,0,18/05/2021,16307,1035,2645,690,3680,1035,3,35,16,4,5,25392,0
1542,1975,49,1,2,18/03/2022,7981,0,805,92,69,161,18,35,8,4,8,9108,0
1544,1967,57,0,0,10/03/2021,17043,1564,15847,5152,1564,2369,3,14,8,4,10,43539,1
1545,1986,38,1,0,19/10/2021,2760,437,4738,575,437,1242,18,56,14,4,5,10189,0
1577,1946,78,0,0,8/05/2022,12834,1817,14306,4761,4025,2185,3,7,8,12,4,39928,0
1600,1965,59,2,1,28/12/2021,6716,69,1771,230,69,598,21,49,12,6,5,9453,0
1604,1960,64,0,1,30/01/2022,4232,46,437,184,184,92,9,35,4,4,6,5175,0
1619,1956,68,0,0,15/07/2022,6716,1173,22563,5152,529,391,3,7,8,12,6,36524,0
1626,1973,51,1,1,5/08/2022,345,0,184,92,46,460,6,35,2,2,2,1127,0
1627,1957,67,0,0,14/04/2021,9384,1403,2507,1104,2806,943,3,28,10,14,9,18147,0
1630,1979,45,0,1,24/10/2021,3726,1150,2300,1265,690,621,3,28,8,4,8,9752,0
1640,1954,70,1,1,8/09/2022,1518,0,368,0,138,460,6,21,2,2,4,2484,0
1646,1972,52,1,0,2/06/2022,92,207,276,253,46,184,6,21,2,2,3,1058,0
1650,1960,64,0,0,9/07/2021,17917,1978,12351,782,1587,3174,3,21,10,18,12,37789,1
1665,1964,60,0,2,10/12/2021,33557,0,1403,0,345,4945,15,35,4,10,6,40250,1
1710,1978,46,1,0,24/05/2021,3542,460,1518,0,276,621,21,63,12,2,4,6417,0
1740,1944,80,0,0,24/06/2022,17480,874,2392,1150,207,874,6,28,14,6,4,22977,0
1743,1974,50,0,0,12/08/2022,6279,1978,4784,4071,322,989,3,7,4,6,5,18423,0
1744,1965,59,0,1,26/03/2021,207,161,299,69,46,460,3,42,2,2,2,1242,0
1745,1962,62,0,0,20/07/2021,16422,1748,9085,2668,0,276,3,7,8,12,9,30199,0
1764,1975,49,1,0,26/10/2021,2300,46,2944,529,161,230,12,56,10,2,5,6210,0
1772,1975,49,0,0,30/03/2021,24702,851,11914,4439,2116,2967,3,14,10,12,7,46989,1
1773,1978,46,0,0,20/02/2021,115,138,345,253,161,299,3,63,4,0,3,1311,0
1829,1961,63,0,1,7/04/2021,26404,0,1380,0,0,552,9,49,18,10,4,28336,0
1833,1974,50,1,0,13/07/2022,1564,184,414,437,184,276,6,35,4,2,4,3059,0
1834,1978,46,1,0,25/05/2022,690,115,529,92,23,92,3,49,4,0,3,1541,0
1839,1974,50,0,0,8/07/2022,1288,161,1104,230,46,414,3,49,6,0,4,3243,0
1857,1952,72,1,1,23/05/2022,1058,0,276,0,46,529,6,49,4,2,2,1909,0
1867,1957,67,0,0,30/01/2021,14996,1104,8050,2162,1932,2484,3,35,18,6,6,30728,0
1876,1990,34,0,0,5/05/2021,736,0,184,529,92,414,3,42,2,0,4,1955,0
1878,1985,39,0,0,7/05/2022,92,138,184,138,69,230,3,49,4,0,3,851,0
1891,1980,44,0,0,25/10/2020,15341,1150,19550,483,1909,1909,3,14,8,12,5,40342,1
1915,1951,73,0,0,28/02/2022,18262,2645,5589,3450,0,4715,3,21,16,10,6,34661,0
1916,1954,70,0,1,10/10/2021,4324,69,4140,460,69,989,15,49,14,2,6,10051,0
1920,1972,52,1,1,15/10/2021,1012,92,483,138,0,621,6,49,6,0,3,2346,0
1921,1967,57,2,1,20/12/2021,1058,23,276,69,0,207,6,28,4,0,3,1633,0
1928,1973,51,1,0,28/04/2021,805,69,460,92,23,460,6,63,4,0,3,1909,0
1940,1986,38,1,0,28/09/2021,23,69,92,46,46,138,3,56,2,0,2,414,0
1945,1962,62,0,1,5/12/2021,16353,828,4991,3956,2208,3864,9,28,14,8,7,32200,0
1951,1981,43,0,0,15/04/2021,5244,2806,2806,4784,2967,690,18,63,22,4,8,19297,0
1968,1971,53,1,0,18/02/2022,115,23,115,230,0,161,3,49,2,0,2,644,0
1990,1974,50,0,0,22/01/2021,22195,782,13478,2047,1978,851,3,21,6,10,8,41331,1
1998,1976,48,1,0,26/04/2022,782,138,483,253,92,184,3,42,4,2,3,1932,0
2002,1958,66,0,0,6/08/2021,13501,1173,21436,4140,782,1978,3,21,10,12,5,43010,0
2005,1990,34,1,0,27/02/2022,506,69,690,0,115,345,6,42,4,0,4,1725,1
2008,1978,46,0,0,29/04/2022,8556,529,8832,5750,276,2484,3,14,8,10,9,26427,0
2055,1973,51,1,1,5/08/2022,345,0,184,92,46,460,6,35,2,2,2,1127,0
2079,1947,77,0,0,15/03/2022,10350,598,12305,1679,2254,598,3,7,10,12,10,27784,0
2109,1990,34,0,0,10/07/2021,10304,1633,21873,920,391,391,3,14,12,22,10,35512,1
2118,1964,60,0,1,27/11/2021,3818,1725,2208,2737,2461,1357,9,28,14,4,8,14306,0
2134,1952,72,0,1,3/11/2020,6049,115,5359,1587,943,1909,12,35,10,10,8,15962,0
2150,1958,66,0,1,28/07/2021,19780,644,9407,1679,1288,1288,3,28,16,18,4,34086,0
2154,1971,53,1,1,13/03/2021,345,0,276,161,69,161,9,49,4,0,3,1012,0
2156,1955,69,1,1,20/01/2021,621,0,230,0,0,92,12,35,4,0,4,943,0
2162,1976,48,0,1,5/12/2021,5888,782,2369,2070,667,1127,6,21,6,6,10,12903,0
2166,1960,64,1,1,28/09/2021,276,23,69,0,0,161,3,28,0,2,2,529,0
2173,1952,72,0,1,2/01/2022,299,138,161,0,69,69,3,42,2,0,3,736,0
2181,1970,54,0,0,9/09/2021,8119,1403,17319,920,1058,621,3,14,6,6,7,29440,0
2217,1975,49,1,1,15/06/2021,253,23,46,46,23,138,3,42,0,0,3,529,0
2223,1965,59,0,1,20/10/2020,27945,759,5727,1472,2668,3427,24,42,16,18,8,41998,0
2245,1969,55,1,1,9/07/2021,1311,46,1173,92,46,529,9,42,4,2,4,3197,0
2246,1965,59,0,1,18/11/2021,989,276,529,667,345,1403,3,28,4,2,4,4209,0
2253,1990,34,0,0,5/05/2021,736,0,184,529,92,414,3,42,2,0,4,1955,0
2254,1983,41,0,0,23/09/2021,14421,2760,9522,2783,1840,2139,3,35,18,12,5,33465,1
2281,1970,54,1,0,2/12/2021,92,69,161,0,69,253,3,49,2,0,2,644,0
2292,1985,39,1,0,19/10/2021,115,92,184,46,0,115,3,35,2,0,3,552,0
2295,1954,70,0,1,21/04/2022,12397,690,2116,1840,1058,874,3,21,10,6,13,18975,0
2296,1975,49,1,0,4/03/2022,69,46,253,46,46,230,3,42,2,0,2,690,0
2308,1954,70,0,1,4/02/2021,2530,115,3151,598,529,667,6,49,12,2,5,7590,0
2315,1960,64,0,1,7/07/2022,230,0,253,391,667,667,3,28,2,4,2,2208,0
2320,1978,46,0,1,29/11/2021,11684,253,1357,529,115,667,15,63,22,2,6,14605,0
2326,1990,34,0,0,5/05/2021,736,0,184,529,92,414,3,42,2,0,4,1955,0
2337,1971,53,1,0,10/01/2022,207,23,552,46,23,46,9,42,6,0,3,897,0
2350,1972,52,1,1,8/06/2021,14329,1219,4094,529,391,3059,21,56,6,4,8,23621,0
2371,1972,52,1,1,30/06/2021,897,23,506,69,92,276,9,49,4,0,4,1863,0
2407,1982,42,0,0,26/01/2021,18929,575,10557,2852,667,2185,3,28,12,12,7,35765,0
2408,1976,48,1,1,6/02/2021,11270,0,4232,230,644,483,36,49,14,8,9,16859,0
2410,1969,55,0,0,10/04/2022,8372,920,9775,3634,1380,1150,3,7,6,8,8,25231,0
2428,1970,54,1,0,21/07/2021,69,414,598,253,184,276,9,49,4,0,4,1794,0
2429,1954,70,0,1,3/05/2021,12213,1587,6900,3450,3174,3450,9,14,10,8,8,30774,0
2431,1990,34,0,0,19/03/2021,276,92,437,276,138,322,3,56,4,0,3,1541,1
2456,1975,49,0,1,31/12/2021,1840,92,1058,0,391,46,15,42,4,2,5,3427,0
2461,1955,69,1,1,6/03/2022,598,23,253,0,23,92,6,21,2,0,3,989,0
2471,1965,59,0,0,13/09/2022,1104,1334,1564,368,1518,989,3,14,6,4,6,6877,0
2478,1973,51,1,0,17/11/2021,46,46,92,299,299,92,3,28,2,0,4,874,0
2493,1966,58,0,1,19/10/2021,8188,0,2461,437,207,2691,6,35,14,2,8,13984,0
2495,1974,50,0,1,6/09/2022,4991,874,8050,2553,1955,345,3,7,8,14,10,18768,0
2499,1958,66,0,1,23/07/2021,4692,2231,2231,483,2714,598,3,28,10,4,10,12949,0
2516,1969,55,1,1,25/08/2021,506,46,230,138,92,782,6,28,2,4,2,1794,0
2525,1974,50,0,0,1/12/2020,3519,1472,2829,2668,1472,322,6,42,10,4,9,12282,0
2534,1953,71,0,1,8/07/2022,2231,23,943,138,46,943,6,49,8,2,3,4324,0
2535,1978,46,1,0,4/11/2020,3749,0,11040,0,2898,1725,3,63,12,10,8,19412,0
2544,1951,73,0,1,29/12/2021,1150,23,621,138,161,23,3,7,2,2,4,2116,0
2546,1977,47,0,1,8/09/2022,529,92,115,230,115,529,3,21,2,0,4,1610,0
2561,1966,58,0,1,28/01/2021,22471,276,5819,368,276,2323,12,56,8,6,12,31533,0
2565,1955,69,0,0,18/08/2021,23368,276,4945,368,276,1449,3,21,8,10,10,30682,0
2587,1972,52,1,0,1/08/2022,322,0,138,0,0,0,6,35,4,0,3,460,0
2589,1972,52,1,0,26/04/2022,575,69,368,184,115,46,6,42,4,2,3,1357,0
2591,1959,65,0,1,8/09/2022,12098,805,4922,1587,1219,805,6,14,12,6,4,21436,0
2612,1987,37,0,0,12/03/2022,17342,3680,14375,1449,736,1104,3,21,14,10,12,38686,0
2613,1960,64,0,1,20/06/2022,3726,138,851,138,299,299,6,7,2,6,6,5451,0
2620,1974,50,1,0,30/06/2021,322,0,46,0,0,161,3,56,2,0,2,529,0
2625,1954,70,0,1,3/02/2022,3588,667,1288,690,736,1081,6,21,6,4,7,8050,0
2632,1954,70,1,1,4/09/2021,6831,0,874,299,0,3496,21,42,10,8,4,11500,0
2634,1979,45,1,0,5/07/2022,115,161,713,345,92,161,9,42,4,2,3,1587,0
2639,1966,58,1,1,29/03/2022,437,115,276,230,69,437,9,42,6,2,2,1564,0
2656,1971,53,1,1,10/05/2021,529,23,161,0,92,552,3,49,2,2,2,1357,0
2666,1972,52,0,1,25/04/2022,11937,1150,3841,2990,0,943,3,21,16,6,11,20861,0
2674,1958,66,0,1,21/11/2020,12489,230,4715,3680,3289,1886,3,21,12,6,6,26289,0
2678,1990,34,1,0,2/05/2021,1196,276,1150,92,828,1265,9,63,10,0,3,4807,0
2681,1984,40,0,0,18/10/2021,1633,506,2576,3174,2047,667,3,7,4,6,13,10603,0
2694,1967,57,0,1,4/06/2022,483,0,69,0,0,0,3,42,2,0,3,552,0
2698,1976,48,0,1,24/01/2022,5842,161,2484,460,0,598,9,42,12,6,5,9545,0
2712,1956,68,0,1,13/03/2022,4232,4094,4094,2369,897,759,3,21,12,6,10,16445,0
2715,1966,58,1,1,23/10/2020,1610,69,851,92,46,1472,12,63,6,4,2,4140,0
2736,1978,46,0,1,21/03/2021,8418,2852,3588,1633,1794,1242,6,14,10,10,11,19527,0
2740,1958,66,1,1,9/12/2021,1426,23,368,69,46,138,12,35,4,2,4,2070,0
2747,1988,36,0,0,17/11/2020,19872,3082,17664,3450,874,3956,3,21,8,20,5,48898,1
2781,1981,43,0,0,9/09/2022,23069,782,12328,3082,1173,782,3,14,8,12,6,41216,1
2793,1976,48,0,1,7/10/2021,12236,2024,3864,1587,1012,3059,9,35,14,6,13,23782,0
2797,1977,47,0,1,6/11/2021,16261,460,3933,1495,1380,1150,3,35,18,14,9,24679,0
2802,1992,32,0,0,3/03/2021,4508,575,13961,1541,391,1127,3,14,8,12,7,22103,1
2804,1975,49,1,1,4/11/2020,1311,0,621,0,0,828,12,56,6,4,2,2760,0
2811,1963,61,1,1,29/06/2022,1196,0,207,0,0,23,6,28,2,0,4,1426,0
2829,1955,69,0,1,27/05/2022,14398,0,1610,0,161,644,6,42,18,6,8,16813,0
2836,1972,52,1,0,3/12/2021,230,23,161,0,0,23,3,56,2,0,2,437,0
2849,1979,45,0,1,18/06/2021,6095,4577,6969,5382,207,3910,21,49,20,4,12,27140,0
2853,1980,44,1,0,28/05/2022,1380,1173,2001,138,460,1173,6,35,8,4,4,6325,0
2868,1949,75,1,1,25/06/2021,460,23,644,69,69,46,9,56,4,0,3,1311,0
2870,1973,51,0,1,8/12/2020,8648,0,874,253,184,1587,15,42,12,6,6,11546,0
2875,1978,46,0,0,21/05/2022,10212,1012,8786,253,184,391,3,14,6,14,13,20838,0
2878,1947,77,0,1,15/12/2021,3726,713,2921,184,391,1587,6,21,8,4,7,9522,0
2882,1975,49,0,1,18/12/2020,16353,644,3266,1127,414,1081,6,56,6,4,9,22885,0
2886,1971,53,0,1,29/10/2021,25783,0,1656,0,276,276,12,42,20,16,10,27991,0
2891,1963,61,0,1,4/01/2022,13685,529,2829,230,529,3542,6,42,16,18,4,21344,0
2894,1985,39,0,0,15/01/2022,24541,3174,17250,0,437,897,3,28,14,10,8,46299,1
2895,1963,61,0,1,9/01/2022,2392,23,1242,299,207,322,6,35,6,2,5,4485,0
2909,1974,50,0,1,8/05/2022,21482,552,5290,368,552,828,6,21,16,8,6,29072,0
2918,1981,43,1,1,30/06/2021,1012,115,437,0,92,437,9,35,4,0,4,2093,0
2929,1976,48,0,0,9/05/2021,414,966,552,345,460,414,3,49,4,2,4,3151,0
2930,1978,46,0,0,4/03/2022,19596,1380,4761,1794,828,1104,6,35,4,12,10,29463,0
2931,1978,46,0,0,8/12/2020,16951,483,2438,1265,1449,4830,0,21,12,14,9,27416,0
2948,1954,70,0,1,18/05/2022,2392,276,1104,92,276,115,3,14,4,4,5,4255,0
2952,1977,47,1,0,3/07/2022,667,69,690,69,46,207,6,42,6,0,3,1748,0
2961,1982,42,1,0,15/05/2021,4025,230,2530,1242,138,621,6,42,12,6,4,8786,0
2964,1981,43,0,0,2/01/2022,69,230,184,69,368,736,3,42,2,2,2,1656,0
2980,1952,72,1,1,8/06/2021,276,0,299,92,46,92,12,56,6,0,3,805,0
2986,1976,48,1,1,29/05/2022,161,46,92,46,23,92,3,42,2,0,2,460,0
3005,1992,32,0,0,18/07/2022,12190,2691,15594,3082,1012,3381,3,7,8,20,8,37950,1
3006,1976,48,1,0,9/07/2021,391,0,322,161,69,46,3,49,2,0,3,989,0
3009,1962,62,0,0,25/09/2021,33626,368,2944,0,0,3680,3,42,10,6,6,40618,0
3011,1965,59,0,1,15/04/2022,1978,276,1725,759,345,138,3,28,8,2,5,5221,0
3032,1984,40,1,0,16/05/2021,644,782,1426,253,322,1012,9,63,8,0,4,4439,0
3056,1978,46,0,1,31/12/2021,13501,989,7751,966,2001,1242,9,42,22,12,9,26450,0
3068,1990,34,0,0,15/01/2022,23,276,207,0,322,161,3,49,4,0,3,989,0
3074,1984,40,0,0,1/01/2021,28014,2461,6992,529,3289,759,3,42,10,16,4,42044,1
3081,1978,46,1,0,9/07/2021,161,46,138,46,0,69,3,49,2,0,2,460,0
3099,1970,54,1,1,14/05/2021,4209,115,1495,69,115,1127,15,63,10,4,4,7130,0
3104,1961,63,0,0,4/12/2020,19090,1357,22264,1173,1817,437,3,14,10,6,12,46138,1
3112,1977,47,1,0,22/11/2021,46,92,207,0,92,115,3,35,2,0,3,552,0
3130,1964,60,1,1,21/08/2021,276,92,46,230,138,230,12,35,4,0,4,1012,0
3138,1956,68,0,0,6/01/2021,30452,621,2737,1633,2484,621,0,28,14,18,6,38548,0
3139,1982,42,0,0,18/03/2022,20033,2553,16192,3335,1265,3818,3,14,8,8,10,47196,1
3158,1973,51,1,0,22/03/2021,299,69,138,138,115,138,3,56,2,0,3,897,0
3194,1974,50,0,0,22/06/2022,9476,276,12558,1794,4186,0,3,7,8,8,10,28290,0
3202,1987,37,0,0,18/12/2020,26818,0,1104,0,0,828,3,56,8,8,10,28750,1
3220,1983,41,1,0,3/05/2021,667,276,1357,437,23,828,6,56,6,0,4,3588,0
3231,1973,51,1,0,11/02/2022,115,92,230,46,46,161,3,56,2,0,3,690,0
3254,1971,53,1,0,31/12/2021,9361,1610,5497,2369,2024,1219,3,14,10,8,4,22080,0
3262,1958,66,0,0,24/10/2020,22885,2576,9591,966,1104,943,3,35,4,18,13,38065,0
3265,1959,65,0,0,5/06/2021,483,23,207,161,69,115,3,42,2,0,3,1058,0
3266,1964,60,0,0,10/07/2022,322,828,253,69,598,805,3,14,2,2,4,2875,0
3283,1972,52,0,1,7/04/2022,4600,4439,2300,1058,4255,4255,6,21,12,4,12,20907,0
3286,1967,57,1,0,18/05/2022,299,46,345,46,46,184,6,42,4,0,3,966,0
3298,1956,68,0,1,25/01/2021,19688,0,1748,276,207,4577,21,56,18,12,9,26496,0
3308,1952,72,1,1,22/03/2022,690,207,276,46,253,690,9,28,4,0,4,2162,0
3312,1988,36,1,0,29/07/2022,115,161,552,437,322,460,12,42,6,0,4,2047,0
3334,1951,73,0,0,1/05/2022,20217,3289,18331,2438,3289,3289,0,7,10,14,9,50853,0
3340,1977,47,1,0,3/11/2020,5612,345,2484,92,345,1150,18,56,14,2,6,10028,0
3363,1974,50,0,0,3/06/2022,0,138,69,161,138,276,3,56,2,0,3,782,0
3388,1967,57,1,1,16/01/2022,2967,598,1541,69,1541,46,15,49,12,2,5,6762,0
3389,1970,54,0,1,8/02/2021,16698,1219,8349,2829,2461,3703,12,35,16,18,13,35259,0
3409,1984,40,1,0,1/01/2022,3243,184,2967,69,253,1081,9,63,14,2,4,7797,0
3412,1951,73,0,1,3/04/2021,18745,184,1219,253,0,1610,12,49,4,4,9,22011,0
3421,1968,56,0,1,8/07/2021,14605,345,2300,460,161,3013,3,42,18,6,9,20884,0
3422,1975,49,0,1,15/02/2021,25645,276,2944,759,276,1748,3,42,4,6,4,31648,1
3426,1975,49,1,0,1/10/2021,24035,1403,7774,1380,1058,1058,9,56,10,10,13,36708,1
3427,1955,69,0,1,29/06/2021,14467,0,1610,0,0,805,18,56,22,4,7,16882,0
3433,1955,69,0,0,20/08/2021,8970,506,7429,2392,805,2461,3,21,12,16,6,22563,0
3434,1951,73,0,0,29/07/2022,11109,1656,13041,2162,276,2484,3,7,8,8,10,30728,0
3439,1972,52,1,1,17/01/2021,3611,138,897,138,299,1725,15,42,8,2,5,6808,0
3463,1975,49,0,1,31/08/2022,15502,1426,3082,0,598,184,12,35,14,6,13,20792,0
3478,1971,53,1,1,10/09/2021,6141,966,7107,1265,966,483,30,35,14,8,9,16928,0
3479,1950,74,0,0,5/10/2021,92,184,253,276,46,299,3,49,4,0,3,1150,0
3483,1958,66,0,0,23/06/2021,23897,989,4692,3519,1334,667,9,56,4,16,12,35098,0
3498,1976,48,0,1,11/02/2021,10626,1403,4232,230,1219,2461,12,42,14,10,9,20171,0
3503,1950,74,0,0,18/02/2022,5865,1081,13179,1196,736,345,3,7,10,6,6,22402,0
3507,1970,54,1,0,3/11/2020,15548,3703,9798,4830,1012,1334,6,42,4,10,5,36225,0
3515,1952,72,0,1,6/05/2022,2001,299,782,230,138,230,3,35,8,0,4,3680,0
3517,1952,72,1,1,23/07/2021,1150,92,1012,230,230,989,9,63,6,2,3,3703,0
3520,1990,34,0,0,13/06/2021,3726,644,18814,0,644,1288,0,21,8,6,7,25116,1
3524,1971,53,1,0,21/10/2021,1840,23,1380,92,138,368,6,63,10,2,2,3841,0
3535,1965,59,0,0,3/06/2022,5773,2484,7682,1495,2116,2691,3,14,8,6,5,22241,1
3565,1955,69,1,1,16/06/2022,1288,0,322,0,0,46,9,49,6,0,3,1656,0
3578,1949,75,0,1,6/01/2022,2806,483,989,575,230,345,6,42,6,2,6,5428,0
3584,1955,69,0,0,6/11/2020,27163,598,2760,391,299,897,6,56,10,20,5,32108,0
3594,1973,51,1,1,22/01/2021,12397,138,2093,184,138,2231,39,56,16,4,9,17181,0
3598,1972,52,0,1,9/08/2021,10143,805,1909,161,667,253,12,28,8,4,12,13938,0
3599,1970,54,0,1,12/02/2021,13225,1840,9844,4784,2139,1840,9,35,16,8,8,33672,0
3602,1958,66,0,1,19/03/2022,3220,69,667,92,115,322,6,28,6,4,4,4485,0
3619,1960,64,0,0,10/12/2020,7935,575,11523,1449,3174,1840,3,14,10,6,8,26496,0
3628,1987,37,1,0,17/04/2021,92,184,253,437,276,598,6,63,4,2,2,1840,0
3635,1962,62,0,1,24/07/2022,11316,0,851,161,0,966,9,35,12,6,8,13294,0
3643,1974,50,0,0,6/06/2022,17250,184,2875,253,184,598,3,14,8,6,6,21344,0
3657,1986,38,1,0,3/05/2021,2162,23,759,299,276,276,9,56,8,0,4,3795,0
3661,1995,29,0,0,29/12/2020,13662,1173,14513,1656,1265,736,3,14,8,12,8,33005,1
3667,1969,55,0,0,17/05/2021,17894,4094,15847,943,621,1012,3,56,16,10,11,40411,0
3673,1971,53,0,1,30/09/2021,8533,391,5474,529,552,2438,9,35,14,10,11,17917,0
3678,1973,51,1,1,24/12/2020,11224,529,1633,345,0,1357,33,49,16,6,7,15088,0
3690,1986,38,0,0,30/03/2021,27232,2346,15479,1196,920,920,3,42,14,8,10,48093,1
3706,1978,46,1,0,7/11/2021,437,184,667,0,276,598,3,49,4,4,2,2162,0
3717,1959,65,0,1,10/07/2022,9269,552,667,138,552,5014,6,21,10,10,6,16192,0
3722,1972,52,1,1,3/07/2022,713,23,184,0,0,184,6,42,4,0,3,1104,0
3732,1955,69,0,1,23/04/2021,9039,0,5497,2070,1587,1587,18,28,10,14,9,19780,0
3745,1988,36,1,0,21/11/2020,115,828,161,0,230,1035,6,56,6,0,3,2369,0
3766,1959,65,0,0,2/11/2020,2300,1633,5589,2484,2162,5037,9,63,18,2,8,19205,0
3783,1959,65,1,1,10/06/2022,2415,0,230,0,23,0,6,35,4,2,4,2668,0
3798,1968,56,1,1,23/01/2022,552,46,529,0,184,552,9,42,4,2,3,1863,0
3799,1955,69,0,1,12/02/2022,7245,805,7406,1058,161,3289,9,35,14,4,11,19964,0
3828,1951,73,0,1,6/05/2021,12259,230,4991,4554,4002,4485,6,28,14,12,13,30521,0
3834,1962,62,0,1,3/06/2021,5313,3703,4945,3933,690,1219,6,35,16,4,11,19803,0
3839,1958,66,1,1,20/07/2021,138,276,69,483,138,920,15,35,4,4,3,2024,0
3846,1974,50,0,1,15/11/2020,4416,115,1219,0,115,345,12,56,12,2,4,6210,0
3855,1963,61,0,0,5/07/2021,690,69,1081,437,483,966,3,56,6,4,2,3726,0
3878,1980,44,1,0,16/05/2022,69,92,161,345,184,253,3,49,2,0,3,1104,0
3885,1983,41,1,0,2/01/2022,368,46,414,69,0,552,3,56,2,2,2,1449,0
3887,1970,54,1,0,28/01/2021,69,391,598,460,23,897,6,63,4,0,3,2438,0
3900,1972,52,0,1,15/06/2022,14766,322,1127,0,161,1311,3,35,18,4,9,17687,0
3910,1975,49,0,0,25/12/2021,20631,3703,9890,4278,3703,621,0,7,8,14,6,42826,1
3919,1976,48,0,0,28/05/2021,22080,0,20309,1150,874,0,3,21,10,12,8,44413,1
3945,1947,77,0,1,27/05/2021,14214,1012,4945,0,391,828,6,42,22,16,4,21390,0
3955,1965,59,0,0,8/09/2022,46,23,23,23,0,23,0,98,0,0,0,138,0
3967,1971,53,0,0,11/01/2022,7613,4531,3910,1334,3496,805,3,7,4,16,13,21689,1
3968,1970,54,0,0,14/09/2021,21114,230,2967,299,0,2967,3,49,22,6,12,27577,0
3979,1983,41,0,0,8/08/2021,22586,391,15456,529,782,1173,3,14,12,4,8,40917,1
4002,1960,64,0,1,30/12/2021,10649,2208,7659,3864,1219,230,3,21,14,14,12,25829,0
4023,1970,54,1,0,23/11/2020,368,391,437,460,483,506,9,56,6,4,2,2645,0
4037,1976,48,1,0,31/08/2021,69,23,69,184,0,115,3,49,2,0,2,460,0
4042,1971,53,0,1,30/12/2020,2093,69,1196,46,23,713,9,56,8,0,4,4140,0
4055,1992,32,1,0,15/08/2022,46,230,253,276,207,460,6,42,6,0,3,1472,0
4058,1955,69,0,0,29/12/2021,14214,345,2438,460,161,1035,3,42,22,4,8,18653,0
4065,1976,48,1,0,1/05/2021,7084,0,1679,0,0,529,6,49,10,2,8,9292,0
4066,1978,46,1,0,28/07/2022,23,115,184,92,184,460,6,42,4,2,2,1058,0
4070,1969,55,0,2,18/11/2020,3887,552,12719,4324,0,3312,3,49,16,10,4,24794,0
4073,1954,70,0,0,17/04/2022,17687,1840,5796,345,782,1495,3,42,20,20,7,27945,0
4086,1959,65,0,0,16/03/2021,138,23,161,529,92,437,3,56,2,2,2,1380,0
4094,1961,63,1,1,11/11/2020,4623,46,989,69,115,805,12,42,10,2,5,6647,0
4095,1971,53,1,0,28/11/2020,3841,851,1472,1127,782,2668,24,49,8,6,6,10741,0
4096,1968,56,1,0,14/03/2022,2576,437,483,368,322,115,9,49,8,2,4,4301,0
4098,1973,51,1,1,16/04/2022,460,69,368,0,92,23,9,42,4,0,4,1012,0
4102,1975,49,1,1,15/06/2021,253,23,46,46,23,138,3,42,0,0,3,529,0
4120,1975,49,1,0,5/03/2022,2024,897,1794,1334,299,2139,6,49,12,2,4,8487,0
4122,1975,49,0,0,15/11/2020,11592,529,2691,4117,644,1012,3,28,12,10,4,20585,0
4127,1967,57,0,1,11/05/2021,23092,1357,6095,2645,1357,621,6,42,22,20,11,35167,0
4136,1992,32,1,0,19/02/2021,230,391,414,184,598,920,12,63,6,4,2,2737,0
4138,1962,62,0,1,10/08/2022,9453,2438,3381,1242,2645,1518,3,7,10,20,7,20677,0
4168,1966,58,1,1,6/06/2021,5313,161,3151,92,345,897,27,49,10,2,8,9959,0
4188,1957,67,0,1,30/10/2020,4692,115,897,391,0,2047,9,56,10,4,4,8142,0
4201,1962,62,0,1,20/05/2021,5267,161,3151,92,0,2093,15,35,8,4,8,10764,0
4207,1981,43,0,0,18/07/2021,23023,1012,2461,1334,1012,1012,3,14,12,14,11,29854,1
4211,1986,38,1,0,15/01/2021,92,276,115,69,368,391,6,49,4,0,3,1311,0
4220,1970,54,0,1,19/01/2022,1679,0,299,0,23,0,3,21,4,2,3,2001,0
4240,1978,46,1,0,20/01/2021,92,207,368,391,0,276,6,56,4,2,2,1334,0
4246,1982,42,0,0,28/02/2022,1541,253,598,92,69,6026,0,119,2,0,1,8579,0
4252,1965,59,0,1,9/06/2022,4899,115,644,161,161,943,3,35,8,2,6,6923,0
4259,1986,38,2,0,11/12/2021,138,0,92,0,0,0,3,49,2,0,2,230,0
4261,1946,78,0,0,10/02/2021,23138,506,2645,1357,1564,1035,3,21,14,12,12,30245,0
4268,1959,65,0,1,26/08/2022,2967,0,483,0,23,161,3,28,6,2,4,3634,0
4278,1983,41,0,0,20/08/2021,20930,2553,16652,1127,1702,1265,3,21,20,4,6,44229,1
4286,1970,54,0,1,28/03/2022,13340,138,1334,184,0,621,9,28,14,12,6,15617,0
4290,1972,52,1,0,5/06/2022,23,69,184,46,115,115,3,49,2,0,2,552,0
4301,1971,53,1,0,29/03/2021,529,23,299,46,46,414,3,49,2,2,2,1357,0
4310,1944,80,0,0,10/04/2022,11661,2139,11960,5566,920,598,3,7,10,20,5,32844,0
4328,1986,38,1,0,24/11/2021,115,23,161,391,322,253,6,42,4,2,3,1265,0
4329,1984,40,1,0,9/08/2022,138,0,138,46,23,23,6,49,2,0,3,368,0
4338,1983,41,1,0,11/06/2022,529,0,207,0,0,276,3,28,2,0,3,1012,0
4351,1955,69,1,1,14/07/2021,414,46,230,0,0,575,3,49,2,2,2,1265,0
4377,1971,53,0,1,26/03/2021,5842,230,1012,690,230,5221,6,49,14,6,3,13225,0
4385,1981,43,1,0,17/08/2021,529,0,345,0,46,161,6,42,6,0,3,1081,0
4394,1965,59,0,0,9/08/2022,26266,667,5727,874,667,322,3,14,10,10,12,34523,0
4405,1956,68,0,2,16/10/2021,14306,161,2645,690,0,345,6,35,12,6,12,18147,0
4415,1961,63,1,1,29/11/2020,230,92,92,69,69,322,9,49,2,2,3,874,0
4418,1983,41,0,0,14/05/2021,15433,1081,15065,3335,2553,345,3,14,14,10,12,37812,1
4426,1975,49,1,1,9/12/2021,8441,92,1173,138,92,2185,18,49,14,4,6,12121,0
4427,1995,29,0,0,5/12/2020,12328,621,13570,874,2461,1541,3,42,10,20,12,31395,1
4436,1976,48,0,0,9/05/2021,414,966,552,345,460,414,3,49,4,2,4,3151,0
4442,1961,63,0,1,22/06/2021,713,437,805,598,322,1196,6,21,2,2,5,4071,0
4444,1972,52,1,0,10/06/2022,253,0,368,161,138,483,3,56,4,0,3,1403,0
4470,1962,62,0,1,27/08/2021,1426,23,1012,138,115,506,3,28,4,2,4,3220,0
4472,1970,54,1,0,13/09/2022,529,0,184,138,46,414,3,14,2,2,3,1311,0
4475,1949,75,0,0,5/05/2021,30245,506,17940,3335,0,4094,3,35,14,16,9,56120,0
4478,1979,45,1,1,10/06/2021,10511,115,2438,345,391,1219,24,56,22,2,6,15019,0
4480,1973,51,0,1,26/05/2022,8395,69,345,92,69,253,15,42,14,4,5,9223,0
4483,1993,31,0,0,4/07/2021,7245,598,10879,5060,276,4186,3,7,4,20,6,28244,1
4487,1969,55,1,0,12/04/2021,345,460,575,46,161,598,3,42,4,0,4,2185,0
4491,1949,75,1,1,18/12/2020,25277,0,1035,0,0,782,33,56,6,8,10,27094,0
4507,1952,72,0,0,13/02/2021,14513,644,11293,690,322,1288,3,21,12,14,8,28750,0
4508,1952,72,0,0,8/08/2022,4669,805,7015,1058,391,5221,3,7,4,22,5,19159,0
4530,1948,76,0,0,10/01/2021,22356,437,13685,4140,598,3174,9,21,6,14,10,44390,0
4548,1981,43,1,1,9/02/2022,529,92,230,0,46,345,3,28,2,0,3,1242,0
4552,1991,33,0,0,8/09/2021,1909,46,2323,1472,598,2691,3,28,6,10,3,9039,0
4580,1969,55,0,0,11/01/2022,32062,506,16284,2047,2093,4186,3,35,18,14,9,57178,1
4599,1976,48,0,2,21/01/2022,9453,0,598,0,0,483,18,49,14,2,7,10534,0
4603,1960,64,0,1,19/04/2022,8533,736,4347,0,1334,138,6,28,10,8,10,15088,0
4608,1987,37,0,0,14/05/2022,3749,529,9752,621,1495,1748,3,7,6,20,13,17894,1
4609,1966,58,0,1,30/03/2022,8809,0,1219,138,92,920,9,42,16,2,6,11178,0
4619,1945,79,0,0,14/08/2022,138,46,69,23,6026,69,0,7,54,0,0,6371,0
4637,1954,70,0,0,4/08/2021,22080,1472,10672,3358,0,368,3,21,12,18,9,37950,0
4640,1967,57,0,1,8/12/2020,12903,1955,3933,575,2829,2622,6,14,8,14,13,24817,0
4643,1973,51,1,0,12/11/2020,184,598,1058,874,207,1127,6,56,6,0,4,4048,0
4656,1990,34,1,0,16/06/2021,7866,736,5290,782,736,920,15,63,20,10,4,16330,0
4676,1951,73,0,2,22/05/2022,14076,2093,11960,5934,2461,2461,6,35,18,12,8,38985,0
4682,1958,66,0,0,1/01/2022,2277,621,2346,644,1104,138,3,7,4,4,8,7130,0
4686,1962,62,0,0,19/06/2022,19803,713,12834,1426,2185,1817,0,14,12,10,13,38778,0
4687,1958,66,0,0,9/08/2021,15502,2116,16928,897,0,2116,3,7,6,22,9,37559,0
4690,1953,71,0,1,2/05/2021,10189,230,1725,0,230,1104,12,56,16,2,8,13478,0
4692,1976,48,1,0,18/10/2020,161,0,276,299,161,736,15,63,8,2,2,1633,0
4698,1983,41,0,0,6/09/2021,3105,1058,2116,1495,1403,253,6,35,10,4,7,9430,0
4706,1966,58,0,1,14/07/2021,667,0,115,0,23,115,3,35,2,0,3,920,0
4713,1979,45,1,0,8/02/2021,1702,0,966,46,23,138,6,49,4,2,4,2875,0
4741,1974,50,1,0,18/04/2022,8993,736,1610,483,736,368,6,35,12,4,9,12926,0
4743,1969,55,0,1,20/05/2021,15847,184,3841,253,184,2024,15,42,16,8,11,22333,0
4754,1966,58,0,1,12/12/2021,690,253,759,299,138,667,3,28,4,0,4,2806,0
4756,1952,72,0,0,8/03/2022,4048,667,18814,0,759,2576,3,28,14,12,11,26864,0
4767,1965,59,0,0,24/06/2022,14605,2622,5842,3036,3496,1748,3,21,12,12,7,31349,0
4786,1977,47,1,1,21/12/2020,12765,1886,5911,2139,1403,1403,12,42,20,6,12,25507,0
4790,1958,66,0,1,19/08/2022,13202,184,4968,483,368,759,3,7,8,6,5,19964,0
4796,1952,72,0,1,6/07/2022,414,230,69,69,115,0,3,14,2,0,3,897,0
4808,1956,68,0,0,22/11/2021,23,46,115,138,0,69,3,49,2,0,2,391,0
4817,1956,68,0,0,21/10/2020,69,46,161,0,92,46,3,56,2,0,2,414,0
4827,1956,68,0,1,27/05/2021,3542,506,4646,897,690,184,15,28,8,4,9,10465,0
4828,1954,70,0,1,4/09/2022,1633,2277,6394,4255,2783,874,3,7,10,20,5,18216,0
4832,1979,45,1,0,24/05/2022,138,115,391,69,552,1058,6,49,4,4,2,2323,0
4837,1965,59,0,1,5/05/2021,17319,989,5198,1587,230,4692,6,28,16,10,13,30015,0
4843,1952,72,0,0,8/08/2022,4669,805,7015,1058,391,5221,3,7,4,22,5,19159,0
4856,1957,67,0,0,23/01/2021,12788,1242,19435,4646,3059,1449,3,21,14,14,10,42619,0
4860,1970,54,1,0,25/05/2021,161,46,184,69,46,69,3,42,2,0,3,575,0
4864,1977,47,1,0,19/07/2021,1656,161,1334,299,23,552,12,56,8,2,3,4025,0
4865,1974,50,1,1,17/11/2021,5267,161,3220,230,69,253,21,49,10,2,8,9200,0
4867,1968,56,1,1,7/12/2021,1334,0,414,46,0,230,12,49,6,0,4,2024,0
4877,1973,51,0,1,21/05/2022,782,0,161,0,0,0,3,49,2,0,3,943,0
4887,1976,48,1,1,8/02/2022,230,115,644,253,23,184,3,35,4,0,3,1449,0
4915,1956,68,0,1,20/10/2020,4048,1656,2254,3128,483,5267,12,35,10,4,12,16836,0
4937,1973,51,1,1,27/08/2022,276,46,460,69,46,115,3,49,2,0,3,1012,0
4954,1956,68,1,1,9/04/2022,2438,621,1564,1196,161,115,18,42,8,4,5,6095,0
4973,1970,54,1,0,28/07/2022,46,69,138,92,23,207,3,49,2,2,2,575,0
4974,1970,54,1,2,12/12/2020,9959,2047,14950,368,2346,2346,30,49,8,12,9,32016,0
4988,1948,76,1,1,21/07/2022,437,138,460,0,115,276,9,28,2,2,4,1426,0
4990,1954,70,0,0,19/07/2021,12052,0,3082,644,644,3565,3,49,22,2,8,19987,0
4994,1943,81,0,0,18/12/2021,27439,759,6463,2967,1518,759,3,21,14,10,13,39905,0
5010,1988,36,1,0,21/04/2022,46,184,184,138,23,207,6,56,2,0,3,782,0
5011,1963,61,0,1,4/01/2022,13685,529,2829,230,529,3542,6,42,16,18,4,21344,0
5015,1976,48,1,0,1/12/2020,1564,138,874,69,138,943,6,49,4,4,3,3726,0
5025,1979,45,1,0,12/03/2022,529,391,529,989,460,207,3,21,4,2,4,3105,0
5043,1951,73,0,0,22/01/2021,161,529,1794,3059,1127,3312,6,49,8,4,5,9982,0
5046,1958,66,0,1,11/04/2022,17388,3174,8142,3680,3887,1403,6,28,20,12,7,37674,0
5048,1971,53,2,0,28/07/2021,460,138,989,437,115,874,3,56,6,2,2,3013,0
5062,1963,61,1,1,13/10/2021,805,0,92,0,0,0,3,56,4,0,2,897,0
5068,1971,53,1,0,17/10/2021,322,23,161,46,23,23,3,63,4,0,2,598,0
5074,1986,38,1,0,24/09/2021,690,0,230,46,0,115,3,49,2,0,3,1081,0
5080,1993,31,0,0,7/01/2022,9660,0,10396,4186,1472,3220,3,14,12,12,4,28934,1
5092,1949,75,0,1,1/05/2021,8740,0,1081,138,0,782,12,56,14,2,7,10741,0
5093,1974,50,1,0,5/12/2020,920,69,690,230,161,253,9,63,6,0,3,2323,0
5107,1973,51,1,1,5/08/2022,345,0,184,92,46,460,6,35,2,2,2,1127,0
5113,1971,53,0,0,24/01/2022,13432,2300,19205,1495,1909,805,3,14,10,10,5,39146,0
5114,1965,59,0,1,7/03/2021,15410,207,5727,0,644,207,6,28,10,8,5,22195,0
5117,1963,61,0,0,19/10/2020,1449,3473,3151,3519,437,1219,6,35,8,8,8,13248,0
5121,1977,47,0,1,7/06/2022,11017,115,1886,161,391,3933,6,35,14,12,5,17503,0
5136,1973,51,0,1,5/04/2022,15042,161,2116,0,345,690,21,42,18,8,8,18354,0
5147,1948,76,0,0,15/10/2021,17802,1610,2714,4186,4301,2139,3,7,8,18,13,32752,0
5150,1979,45,1,0,5/03/2021,0,92,161,253,230,345,6,42,4,0,3,1081,0
5153,1967,57,0,1,11/05/2021,23092,1357,6095,2645,1357,621,6,42,22,20,11,35167,0
5177,1974,50,0,1,28/02/2022,6854,161,1564,92,0,437,6,42,12,4,6,9108,0
5180,1968,56,0,1,5/07/2022,2944,0,368,0,23,92,6,49,8,0,4,3427,0
5181,1982,42,1,0,6/06/2021,46,92,46,0,253,115,3,63,2,0,2,552,0
5184,1995,29,0,0,12/06/2022,92,46,253,46,0,92,3,42,2,0,2,529,0
5185,1955,69,0,0,3/05/2021,4577,1518,7245,2231,4002,943,3,14,8,6,5,20516,0
5186,1955,69,0,1,29/05/2022,13248,161,2645,437,161,161,6,42,14,8,9,16813,0
5207,1963,61,1,1,11/12/2020,11247,138,3496,184,138,3036,30,56,18,8,6,18239,0
5209,1954,70,0,1,3/09/2021,10189,115,1633,483,368,1886,6,49,16,4,7,14674,0
5221,1957,67,0,1,17/02/2021,16422,184,2277,253,0,1081,12,56,20,14,5,20217,0
5231,1974,50,0,2,16/05/2022,621,46,161,0,46,299,3,35,2,0,3,1173,0
5232,1965,59,0,1,15/04/2022,1978,276,1725,759,345,138,3,28,8,2,5,5221,0
5237,1950,74,1,2,20/03/2022,644,23,483,69,0,230,9,35,4,2,3,1449,0
5247,1955,69,1,1,27/07/2022,713,0,138,46,23,115,6,28,2,0,4,1035,0
5263,1977,47,1,0,10/04/2021,115,230,299,69,184,368,3,56,2,0,3,1265,0
5267,1970,54,1,0,31/05/2021,368,46,414,46,23,115,3,49,2,0,3,1012,0
5272,1965,59,0,1,13/09/2021,8694,0,2024,437,92,1679,12,49,16,10,3,12926,0
5278,1964,60,0,0,13/04/2022,7061,598,8280,3174,713,920,3,21,12,18,5,20746,0
5283,1976,48,1,1,6/05/2022,2139,23,483,0,92,575,9,35,4,2,4,3312,0
5286,1987,37,0,0,14/01/2022,2576,23,1242,161,161,828,3,21,6,4,4,4991,0
5287,1973,51,1,0,5/09/2022,1035,46,598,92,23,23,9,49,6,2,3,1817,0
5289,1975,49,1,1,26/01/2021,184,92,276,345,92,667,6,28,2,2,2,1656,0
5294,1989,35,1,0,6/02/2022,138,184,437,368,92,92,9,49,6,0,4,1311,0
5299,1970,54,1,0,5/02/2022,27163,2461,4577,897,690,690,6,56,14,6,13,36478,0
5313,1971,53,1,1,5/07/2022,690,0,253,0,0,69,9,35,4,0,4,1012,0
5320,1973,51,1,1,17/04/2021,1817,161,1334,138,69,414,12,42,6,2,4,3933,0
5329,1949,75,1,1,14/12/2021,184,0,69,0,0,0,3,35,0,0,3,253,0
5331,1977,47,0,0,28/11/2020,13501,1173,20654,5681,0,1978,3,14,6,12,7,42987,1
5332,1960,64,0,0,13/10/2021,8326,1150,9913,3082,805,1242,3,7,6,12,7,24518,0
5350,1991,33,0,0,2/05/2022,26588,2760,21045,2162,3312,2208,3,7,6,8,10,58075,1
5370,1973,51,1,0,4/04/2021,5497,69,3243,0,161,529,12,56,14,2,6,9499,0
5393,1977,47,1,0,24/10/2020,506,0,138,138,46,138,3,49,2,0,3,966,0
5394,1979,45,1,1,3/06/2021,69,207,92,161,184,161,12,21,2,2,4,874,0
5396,1988,36,0,0,1/04/2021,17434,276,8855,759,2047,2047,3,28,18,14,13,31418,1
5424,1983,41,1,0,3/05/2021,667,276,1357,437,23,828,6,56,6,0,4,3588,0
5429,1948,76,0,1,6/11/2021,3335,23,759,46,23,23,3,42,8,2,4,4209,0
5441,1965,59,0,1,11/11/2021,6141,138,1242,184,69,1150,6,35,10,4,6,8924,0
5453,1956,68,0,0,13/12/2020,24909,2484,14927,5819,3473,2484,3,14,8,14,12,54096,1
5454,1979,45,1,0,17/02/2022,851,0,161,69,0,69,3,35,4,0,3,1150,0
5462,1974,50,0,1,29/10/2020,17411,1840,4991,667,1840,253,15,42,18,12,12,27002,0
5474,1970,54,1,0,16/02/2022,1035,161,2277,92,575,989,9,42,8,2,4,5129,0
5493,1976,48,1,1,5/06/2022,345,0,46,0,0,138,3,42,2,0,2,529,0
5510,1977,47,0,1,7/02/2021,6026,138,1403,0,230,2346,9,35,10,4,6,10143,0
5517,1969,55,1,0,2/12/2021,345,0,253,0,46,207,3,56,2,2,2,851,0
5534,1975,49,0,1,6/01/2022,2829,23,598,46,0,1656,6,49,6,4,3,5152,0
5538,1975,49,0,0,25/12/2021,20631,3703,9890,4278,3703,621,0,7,8,14,6,42826,1
5544,1970,54,0,1,27/01/2021,22011,920,4025,3634,1219,2461,6,35,14,16,5,34270,0
5545,1972,52,0,0,22/06/2022,13156,184,5957,782,805,1840,3,7,6,10,5,22724,0
5558,1954,70,0,0,17/06/2022,23460,713,9890,1426,1449,1817,3,7,8,12,4,38755,0
5585,1972,52,1,0,7/07/2021,276,46,391,138,23,230,6,56,4,0,3,1104,0
5589,1964,60,0,1,17/11/2020,14513,0,2645,230,161,690,9,49,18,4,10,18239,0
5621,1969,55,1,1,28/02/2021,1679,1311,2300,1633,345,0,15,63,12,2,5,7268,0
5623,1980,44,1,0,13/12/2021,345,92,299,0,0,437,3,49,2,2,2,1173,0
5626,1964,60,0,0,9/02/2022,7774,92,2047,253,184,299,3,28,8,4,9,10649,0
5631,1991,33,0,0,19/07/2021,4646,1081,4531,1265,966,3427,3,28,10,8,8,15916,1
5633,1980,44,1,1,11/09/2022,2231,276,1932,299,230,345,21,35,6,2,6,5313,0
5636,1963,61,0,0,26/01/2021,1173,92,1150,276,23,1127,3,56,8,0,3,3841,0
5654,1972,52,2,1,2/06/2022,460,92,230,138,92,391,6,42,4,0,3,1403,0
5667,1964,60,0,1,28/12/2020,23299,690,9177,1380,1058,3519,9,42,18,20,4,39123,0
5675,1960,64,0,1,21/12/2020,10557,0,552,138,0,92,18,42,8,10,7,11339,0
5682,1953,71,0,1,9/06/2021,21804,230,1978,299,483,483,12,35,12,18,11,25277,0
5684,1971,53,1,1,28/12/2021,1288,0,207,0,0,69,6,49,4,0,3,1564,0
5687,1980,44,0,0,10/12/2020,12949,1150,17802,644,713,4301,3,21,14,14,12,37559,1
5692,1989,35,1,0,10/03/2021,23,92,69,184,207,161,3,56,2,0,3,736,0
5718,1950,74,0,0,1/11/2021,15502,3864,2484,4416,966,5313,3,21,10,22,6,32545,0
5721,1956,68,0,0,28/07/2022,14053,1748,17227,1357,1035,598,3,14,14,20,6,36018,0
5731,1983,41,1,0,22/06/2021,276,0,299,46,0,230,3,49,2,0,3,851,0
5734,1974,50,1,1,6/02/2022,1058,92,828,46,46,23,3,35,4,0,4,2093,0
5735,1991,33,0,0,2/05/2022,26588,2760,21045,2162,3312,2208,3,7,6,8,10,58075,1
5740,1970,54,1,1,3/05/2021,92,46,276,161,115,598,6,42,2,4,2,1288,0
5748,1965,59,0,1,17/02/2021,2645,621,1012,92,3358,3197,9,35,10,4,6,10925,0
5751,1973,51,1,0,2/05/2022,46,69,230,253,46,230,3,42,2,0,3,874,0
5758,1982,42,0,0,2/04/2022,24702,0,1587,0,0,1058,3,42,20,8,13,27347,0
5790,1985,39,1,0,15/04/2021,575,138,368,460,0,115,6,56,4,0,3,1656,0
5794,1974,50,0,1,3/06/2022,9384,0,483,0,0,391,9,56,14,2,7,10258,0
5796,1963,61,0,0,12/02/2022,12880,483,10166,667,1012,667,3,7,8,10,13,25875,0
5802,1972,52,0,0,17/05/2021,46,161,253,368,276,621,3,42,4,0,4,1725,0
5830,1972,52,0,0,29/11/2020,20677,2346,19274,3059,2346,920,3,14,10,12,10,48622,1
5831,1967,57,0,1,8/11/2020,23391,1150,11500,1495,1150,3059,9,56,10,10,5,41745,0
5847,1969,55,0,1,15/08/2021,7176,483,4738,2346,2116,3427,9,35,14,6,10,20286,0
5863,1953,71,0,1,15/08/2021,8257,0,3082,299,598,2829,12,35,12,6,8,15065,0
5868,1980,44,1,0,8/11/2021,46,92,207,230,115,368,6,49,2,0,3,1058,0
5872,1951,73,0,1,18/08/2021,5520,2070,4968,1449,138,552,12,21,8,8,10,14697,0
5883,1972,52,1,0,12/08/2021,3174,2760,4692,368,2898,1380,9,35,14,8,7,15272,0
5892,1980,44,1,0,27/06/2021,3634,138,1035,184,46,46,21,49,6,4,5,5083,1
5896,1987,37,0,0,4/06/2022,6256,161,1840,460,161,253,3,14,8,8,6,9131,0
5907,1952,72,1,1,20/01/2021,184,0,184,0,0,46,3,56,2,0,2,414,0
5909,1964,60,0,1,6/12/2021,20585,230,2323,299,0,3496,15,56,6,8,8,26933,0
5922,1974,50,0,1,30/12/2021,4830,0,138,0,0,46,6,49,8,2,5,5014,0
5935,1956,68,0,1,12/03/2021,12581,161,3220,0,161,1449,9,35,14,10,8,17572,0
5948,1975,49,0,1,16/07/2022,3289,138,1196,253,184,391,6,35,8,2,5,5451,0
5956,1948,76,1,2,2/01/2022,3312,46,2277,161,46,690,15,56,12,2,4,6532,0
5959,1968,56,1,1,1/01/2021,3634,0,529,0,0,414,18,56,6,2,5,4577,0
5961,1978,46,1,0,24/08/2022,184,92,460,138,69,368,3,35,2,0,3,1311,0
5975,1967,57,1,0,17/12/2021,851,0,391,0,0,69,3,49,4,0,3,1311,0
5985,1965,59,0,1,30/12/2020,1840,23,851,0,23,69,9,49,4,2,4,2806,0
5989,1959,65,0,1,3/07/2021,17296,2806,10948,897,3519,782,3,56,20,4,11,36248,0
5991,1949,75,0,1,25/08/2021,3979,46,897,69,46,1081,9,49,10,2,4,6118,0
5995,1962,62,1,1,6/03/2021,3795,69,3381,92,552,943,21,56,12,4,5,8832,0
6001,1979,45,0,1,21/03/2021,14122,805,3680,1334,805,805,6,35,10,16,10,21551,0
6019,1971,53,1,0,16/06/2022,1035,69,207,92,92,161,3,42,2,4,2,1656,0
6050,1975,49,0,1,27/02/2021,26933,989,5037,437,322,1081,12,63,12,6,13,34799,0
6055,1979,45,0,0,18/01/2021,12558,1656,8648,2162,3335,1656,3,21,10,10,8,30015,0
6072,1970,54,0,0,21/04/2021,21114,1311,19366,2277,874,3059,3,21,10,16,6,48001,0
6086,1955,69,0,0,9/02/2022,10235,575,16238,1840,1748,1104,3,14,12,10,12,31740,0
6097,1959,65,1,1,4/04/2021,7199,184,2392,138,92,2898,27,63,16,2,6,12903,0
6103,1948,76,0,0,23/11/2021,920,345,345,391,138,161,3,28,4,2,3,2300,0
6116,1968,56,0,1,21/09/2021,437,299,414,230,161,184,3,21,2,2,3,1725,0
6119,1963,61,1,1,27/07/2021,230,0,69,0,0,92,3,42,2,0,2,391,0
6141,1972,52,1,0,12/07/2021,4393,207,2231,0,138,1886,6,49,12,2,5,8855,0
6147,1971,53,1,0,4/01/2021,115,46,184,46,46,207,3,49,0,2,2,644,0
6168,1963,61,1,1,1/10/2021,759,0,115,0,0,345,6,28,2,2,2,1219,0
6183,1962,62,0,1,27/08/2021,1426,23,1012,138,115,506,3,28,4,2,4,3220,0
6197,1962,62,1,1,7/07/2021,851,0,391,0,0,69,9,63,6,0,3,1311,0
6200,1951,73,0,1,25/06/2021,7820,2484,4255,2990,874,2300,6,21,12,12,9,20723,0
6214,1982,42,1,0,22/06/2021,322,230,667,92,161,345,3,42,4,0,3,1817,0
6215,1977,47,1,1,17/03/2022,230,0,230,69,23,161,6,56,2,2,2,713,0
6218,1965,59,0,1,6/01/2021,10511,92,667,0,0,207,3,49,16,2,7,11477,0
6230,1971,53,1,1,4/05/2021,2530,115,1357,161,23,161,15,56,10,0,4,4347,0
6237,1966,58,0,2,23/02/2022,1863,92,759,115,46,6693,0,0,46,2,1,9568,0
6246,1953,71,0,0,30/01/2022,16169,2346,13823,0,1334,989,3,7,6,22,8,34661,0
6248,1947,77,0,0,3/01/2022,29348,552,17158,2162,667,1104,0,21,18,14,11,50991,0
6250,1949,75,0,1,5/02/2021,16330,345,690,460,0,0,9,56,22,4,8,17825,0
6257,1976,48,0,1,11/04/2021,5865,989,3082,851,322,552,3,49,14,4,7,11661,0
6261,1979,45,0,1,12/02/2022,6210,713,2024,253,1104,506,9,28,6,4,10,10810,0
6262,1962,62,0,0,27/06/2021,18768,966,10350,1265,1288,3542,3,14,6,20,8,36179,0
6271,1952,72,0,1,5/09/2022,1219,0,184,0,0,46,3,35,4,0,3,1449,0
6281,1966,58,0,1,3/05/2021,15479,0,4577,851,1081,598,6,28,12,6,5,22586,0
6283,1968,56,0,1,8/07/2021,14605,345,2300,460,161,3013,3,42,18,6,9,20884,0
6292,1986,38,0,0,16/06/2021,30153,0,8257,1058,2047,391,3,14,8,6,10,41906,1
6295,1977,47,0,1,23/04/2021,14996,184,3634,483,0,3266,12,56,22,12,5,22563,0
6299,1968,56,0,1,21/03/2021,7452,1104,4278,897,414,4554,18,49,12,16,4,18699,0
6310,1978,46,1,0,26/11/2021,690,184,276,184,184,276,3,35,4,0,4,1794,0
6318,1988,36,0,0,1/04/2021,17434,276,8855,759,2047,2047,3,28,18,14,13,31418,1
6343,1959,65,0,1,17/06/2022,19205,1679,8740,2622,1679,989,3,14,12,18,7,34914,0
6347,1979,45,1,0,13/09/2021,23,23,92,253,207,230,3,56,2,0,3,828,0
6349,1987,37,0,0,22/09/2021,14283,1679,9522,1794,1104,1955,3,35,16,8,6,30337,1
6355,1978,46,1,1,3/09/2022,460,0,322,161,69,23,9,21,4,0,4,1035,0
6357,1959,65,0,1,3/02/2022,5290,805,1725,1449,1311,713,9,35,14,2,7,11293,0
6365,1987,37,0,0,19/11/2021,230,276,276,575,23,460,3,42,4,0,3,1840,0
6374,1954,70,0,1,3/08/2021,5129,46,713,0,46,897,15,56,10,4,4,6831,0
6376,1979,45,1,0,27/08/2021,4393,1288,3197,1173,184,2300,12,28,8,6,8,12535,0
6379,1949,75,1,1,15/08/2021,1541,23,460,0,46,713,9,49,4,4,2,2783,0
6398,1974,50,1,0,15/06/2022,161,230,299,368,0,92,6,56,6,0,3,1150,0
6406,1988,36,0,0,14/01/2022,14881,2461,8993,4025,1541,920,3,21,12,8,10,32821,1
6409,1967,57,0,0,4/08/2021,6141,3220,13777,782,276,2921,3,42,14,10,7,27117,0
6428,1950,74,0,0,20/07/2022,13915,230,7935,1932,1242,736,3,0,2,16,7,25990,0
6437,1985,39,1,0,5/09/2021,483,184,460,345,69,207,3,49,4,0,3,1748,0
6457,1976,48,0,1,15/08/2022,12121,552,5290,736,552,1495,6,28,12,8,12,20746,0
6461,1969,55,0,1,5/08/2021,13363,1127,3611,989,184,2484,3,14,10,12,11,21758,0
6466,1965,59,1,1,29/05/2022,2415,0,207,46,23,92,9,21,4,2,4,2783,0
6488,1959,65,0,1,23/06/2022,1748,0,161,0,0,368,3,35,6,4,2,2277,0
6497,1960,64,0,1,24/01/2021,6739,138,529,299,138,2116,12,56,12,4,5,9959,0
6507,1980,44,1,0,21/12/2021,368,253,345,46,0,276,6,21,2,2,4,1288,0
6516,1989,35,1,0,4/06/2021,0,0,23,161,92,138,3,49,2,0,2,414,0
6568,1984,40,1,0,14/06/2021,253,0,828,345,115,276,3,49,4,0,3,1817,0
6606,1969,55,1,0,17/06/2021,22172,782,3151,345,0,253,6,56,10,4,10,26703,0
6613,1970,54,1,0,29/12/2020,11799,161,3059,1058,322,322,18,56,16,8,8,16721,0
6634,1979,45,1,0,24/10/2021,506,69,414,0,0,253,3,49,4,0,3,1242,0
6642,1961,63,2,1,11/04/2021,690,115,506,184,207,644,12,42,4,2,4,2346,0
6652,1965,59,0,0,26/08/2022,5221,3473,13179,2254,1242,713,3,7,6,8,9,26082,0
6653,1970,54,1,1,16/10/2020,6739,0,2001,92,253,529,12,49,14,4,5,9614,0
6663,1940,84,0,0,24/09/2021,3312,0,161,0,0,138,3,35,6,2,4,3611,0
6673,1965,59,0,0,5/06/2021,644,138,621,276,391,897,3,56,6,0,3,2967,0
6679,1966,58,0,0,29/08/2022,230,69,69,0,0,0,3,21,0,0,3,368,0
6710,1951,73,2,1,3/02/2021,1564,23,299,69,115,299,3,42,4,0,4,2369,0
6715,1948,76,0,1,21/03/2021,11546,437,3036,0,138,598,18,42,12,4,11,15755,0
6721,1951,73,0,1,15/10/2021,13156,437,6578,1150,874,5704,9,21,12,6,5,27899,0
6722,1954,70,0,1,14/09/2022,11017,644,3128,1725,322,805,9,42,20,6,7,17641,0
6729,1988,36,0,0,27/10/2020,10488,437,19136,1725,2714,874,3,21,8,10,11,35374,1
6730,1954,70,1,1,20/01/2021,782,23,322,0,0,115,9,56,4,0,3,1242,0
6742,1979,45,1,0,1/04/2021,46,46,23,69,23,46,3,56,2,0,2,253,0
6749,1966,58,1,1,25/10/2020,22011,1081,11362,1886,1081,2185,12,56,10,6,6,39606,0
6768,1962,62,1,2,31/03/2021,506,23,184,46,23,46,6,56,2,0,3,828,0
6770,1985,39,1,0,6/11/2021,115,299,322,0,115,713,6,42,4,2,2,1564,0
6810,1983,41,0,0,14/08/2021,6141,2254,13938,1104,1610,2254,3,7,6,4,6,27301,1
6815,1980,44,0,0,9/08/2022,10304,483,2875,1196,2323,1426,0,14,14,12,8,18607,0
6859,1987,37,1,0,25/12/2021,851,92,552,368,207,207,6,63,8,0,3,2277,0
6862,1971,53,0,0,4/08/2022,23,23,69,23,23,23,45,140,0,0,0,184,0
6870,1959,65,0,1,4/12/2021,4186,46,1127,391,299,460,3,14,6,2,7,6509,0
6872,1974,50,0,1,7/11/2021,6532,69,1932,92,161,529,6,28,8,4,8,9315,0
6885,1977,47,1,0,17/02/2022,874,0,276,69,23,23,3,49,4,0,3,1265,0
6887,1967,57,1,1,11/07/2022,5635,368,5129,483,989,368,6,42,16,2,8,12972,0
6892,1968,56,0,1,20/08/2022,14743,161,1288,0,0,644,24,56,20,8,6,16836,0
6906,1953,71,0,0,20/08/2021,3841,1104,13846,1449,1656,1656,3,14,6,20,4,23552,0
6912,1967,57,0,2,6/11/2021,13639,690,2093,667,506,161,3,28,12,6,12,17756,0
6918,1989,35,1,0,20/09/2021,115,92,299,184,0,92,3,56,2,0,3,782,0
6950,1958,66,1,1,3/03/2022,805,23,368,0,23,23,6,49,4,0,3,1242,0
6958,1977,47,1,0,21/09/2021,322,0,92,0,0,184,3,42,2,2,2,598,0
6983,1950,74,1,1,18/07/2022,529,46,391,46,23,0,6,49,4,0,3,1035,0
6991,1951,73,0,1,27/06/2021,12351,138,966,368,138,690,6,56,18,6,6,14651,0
7000,1972,52,0,0,30/12/2021,6417,3956,1702,874,184,5658,3,7,4,20,10,18791,0
7002,1955,69,0,1,20/12/2021,3749,1104,2070,0,1035,1196,3,21,6,4,8,9154,0
7004,1984,40,1,0,2/06/2021,552,69,598,161,23,529,9,63,6,2,2,1932,0
7005,1981,43,0,0,2/09/2022,11017,805,4117,644,161,1955,3,14,10,6,12,18699,0
7007,1968,56,2,0,18/06/2022,391,69,414,69,92,414,6,49,6,2,2,1449,0
7010,1965,59,0,0,24/06/2022,14605,2622,5842,3036,3496,1748,3,21,12,12,7,31349,0
7011,1973,51,1,0,29/12/2020,989,46,621,0,207,276,9,49,6,0,4,2139,0
7022,1971,53,1,0,15/12/2020,16997,2461,7107,3220,1840,805,3,42,4,10,13,32430,1
7023,1953,71,2,1,12/02/2021,4347,46,1265,0,115,276,12,63,12,2,4,6049,0
7034,1978,46,1,0,18/11/2021,184,161,207,299,138,276,6,56,4,0,3,1265,0
7037,1974,50,1,0,28/10/2021,4462,1265,3082,345,0,69,9,42,8,4,8,9223,0
7042,1983,41,0,0,18/05/2021,69,69,322,345,483,230,3,63,4,2,2,1518,0
7053,1966,58,0,0,15/09/2021,13892,644,15502,2093,644,644,3,7,6,20,8,33419,0
7072,1973,51,0,1,15/06/2021,9936,1817,7843,4071,3128,3910,6,28,16,10,4,30705,0
7094,1975,49,0,1,13/03/2022,10235,1219,4899,2392,2254,3473,3,28,12,8,13,24472,0
7101,1963,61,0,1,13/04/2021,21919,0,1633,0,0,4002,18,56,20,10,10,27554,0
7108,1965,59,1,1,25/11/2020,4715,460,1081,529,46,1288,18,35,10,4,5,8119,0
7118,1957,67,0,1,18/10/2020,19159,1840,8349,1196,598,4002,6,42,18,10,6,35144,0
7124,1968,56,1,1,20/04/2021,989,92,276,184,0,621,15,35,4,2,4,2162,0
7128,1977,47,1,1,23/02/2022,92,0,115,0,23,115,3,49,2,0,2,345,0
7129,1962,62,0,1,6/05/2021,15778,391,3266,529,598,805,24,42,12,8,13,21367,0
7152,1983,41,1,0,22/06/2021,276,0,299,46,0,230,3,49,2,0,3,851,0
7181,1977,47,0,1,24/01/2022,805,0,299,46,0,46,6,56,4,0,3,1196,0
7196,1950,74,1,1,27/04/2022,207,0,69,0,0,23,3,21,0,0,3,299,0
7212,1966,58,0,1,25/08/2022,1242,0,161,0,0,92,3,42,4,0,3,1495,0
7230,1960,64,0,1,21/12/2020,10557,0,552,138,0,92,18,42,8,10,7,11339,0
7233,1972,52,0,0,4/12/2020,11408,736,19527,5267,1104,2944,6,28,10,6,6,40986,1
7235,1975,49,1,0,25/02/2022,46,115,276,92,184,161,9,35,4,0,4,874,0
7270,1981,43,0,0,13/04/2022,20884,1104,4991,736,276,552,3,42,4,6,13,28543,0
7275,1971,53,1,1,21/12/2021,1817,23,713,92,92,276,9,42,4,2,4,3013,0
7290,1985,39,0,0,22/12/2020,7981,1012,12282,391,0,598,3,14,6,10,12,22264,1
7313,1949,75,0,0,20/08/2021,13110,1679,14122,3059,2346,1679,3,21,12,10,11,35995,0
7326,1971,53,0,1,9/06/2022,782,23,437,46,161,0,3,14,2,2,3,1449,0
7327,1959,65,1,1,17/03/2022,483,115,69,230,23,161,9,14,2,2,4,1081,0
7342,1961,63,0,1,26/11/2020,7843,3266,2599,5957,3473,1518,9,35,12,12,12,24656,0
7348,1958,66,0,0,3/06/2022,7728,2990,9453,5520,736,989,3,14,8,14,5,27416,0
7352,1957,67,0,1,7/01/2022,3703,644,3128,736,69,1035,12,21,6,8,6,9315,0
7366,1982,42,0,0,20/09/2021,16376,598,12374,1587,299,1840,3,7,6,12,11,33074,1
7396,1966,58,0,0,27/01/2021,7866,1173,21528,4761,805,598,3,21,10,16,12,36731,0
7397,1951,73,0,1,5/10/2021,11362,115,1886,161,0,2300,9,49,14,4,9,15824,0
7408,1952,72,0,1,20/05/2022,4968,46,138,0,0,207,6,49,10,2,4,5359,0
7419,1968,56,1,0,10/07/2022,184,69,437,0,46,69,6,42,4,0,3,805,0
7433,1985,39,1,0,15/11/2020,1472,92,1564,161,115,391,12,56,6,2,4,3795,0
7441,1973,51,1,0,23/12/2020,22034,3657,10281,460,0,713,9,49,4,20,12,37145,1
7451,1960,64,0,0,6/05/2022,23000,437,16353,2875,2645,874,0,7,8,12,9,46184,0
7453,1954,70,0,1,21/04/2021,3611,989,2921,1564,1288,851,18,28,6,16,4,11224,0
7462,1954,70,0,0,10/02/2021,1564,0,5198,1173,3611,1564,9,63,20,4,4,13110,0
7476,1964,60,0,1,18/02/2021,21344,1449,5842,0,276,276,12,28,10,8,10,29187,0
7485,1950,74,1,1,24/07/2022,1541,92,736,391,46,368,9,28,4,2,4,3174,0
7488,1963,61,0,1,10/04/2021,9660,345,4278,3473,874,345,9,21,10,6,13,18975,0
7494,1950,74,1,1,9/04/2021,4807,0,920,69,46,345,12,56,12,2,4,6187,0
7500,1967,57,1,1,11/07/2022,5635,368,5129,483,989,368,6,42,16,2,8,12972,0
7505,1957,67,1,1,7/04/2022,506,23,207,0,0,322,3,28,2,2,2,1058,0
7527,1968,56,1,0,7/02/2021,138,138,667,276,345,184,9,56,4,2,3,1748,0
7530,1950,74,1,1,24/07/2022,1541,92,736,391,46,368,9,28,4,2,4,3174,0
7532,1980,44,0,1,16/11/2020,2277,46,253,92,0,368,9,56,6,0,4,3036,0
7573,1978,46,1,0,27/07/2021,897,23,207,46,23,782,3,49,4,2,2,1978,0
7592,1946,78,0,0,5/07/2021,2346,207,1449,46,207,552,3,42,8,2,4,4807,0
7600,1992,32,1,0,14/01/2022,23,69,69,184,23,299,6,49,2,0,3,667,0
7620,1990,34,1,0,22/10/2021,115,253,368,483,184,1035,6,56,4,4,2,2438,0
7628,1973,51,1,0,4/06/2022,690,115,552,138,69,184,6,35,4,0,4,1748,0
7629,1977,47,1,1,25/07/2022,115,69,207,138,46,138,6,49,4,0,3,713,0
7646,1989,35,1,0,7/05/2022,5014,1449,6486,3151,805,1610,12,28,10,6,12,18515,1
7679,1985,39,0,0,5/08/2022,138,69,276,138,23,0,3,21,2,2,3,644,0
7699,1969,55,1,1,19/12/2021,3542,0,1150,138,253,851,15,42,6,8,3,5934,0
7712,1946,78,0,0,15/07/2022,4186,391,5957,1771,1610,667,3,28,12,4,10,14582,0
7725,1965,59,0,0,25/05/2022,3979,598,5865,805,1633,1863,3,7,8,8,7,14743,0
7732,1978,46,1,0,21/03/2022,6739,0,2852,4117,2231,1196,3,35,14,4,10,17135,0
7736,1986,38,1,0,8/01/2021,253,161,276,46,46,621,6,35,4,2,2,1403,0
7755,1954,70,0,1,29/01/2022,8050,69,897,0,0,437,6,56,18,2,4,9453,0
7788,1983,41,1,0,21/08/2022,138,0,69,0,0,23,3,21,0,0,3,230,0
7789,1965,59,0,0,8/02/2022,15732,2300,18423,483,1518,0,3,14,12,18,10,38456,0
7791,1967,57,1,1,2/12/2021,276,23,138,0,23,115,6,49,2,0,3,575,0
7807,1974,50,0,1,29/11/2020,2254,0,2438,1127,230,2438,15,42,10,2,5,8487,0
7832,1959,65,0,1,14/11/2021,21620,1012,9108,0,2024,1334,3,28,16,14,7,35098,0
7842,1968,56,1,1,17/06/2021,414,161,782,230,46,69,9,56,6,0,3,1702,0
7848,1974,50,0,1,30/08/2021,5152,46,575,161,0,2530,6,42,10,6,3,8464,0
7849,1970,54,0,0,26/11/2021,4807,437,10488,3680,3266,1518,3,7,4,18,13,24196,0
7861,1952,72,0,1,24/04/2022,18860,1311,5566,1035,0,253,6,28,16,6,6,27025,0
7872,1975,49,0,0,29/11/2020,4117,483,6279,0,483,1449,3,35,12,20,6,12811,0
7875,1949,75,0,0,16/07/2022,22241,0,14191,989,1150,0,3,14,8,16,13,38571,0
7881,1946,78,0,0,15/12/2021,14260,598,4485,782,391,3243,3,14,12,8,13,23759,0
7899,1952,72,0,1,15/01/2021,28635,759,7636,483,759,368,6,49,8,14,4,38640,0
7901,1971,53,0,1,23/01/2022,207,23,115,46,23,92,3,28,0,0,3,506,0
7912,1978,46,1,0,9/07/2021,184,345,621,0,460,759,6,56,6,2,2,2369,0
7922,1951,73,0,1,29/10/2020,18837,0,1656,276,0,1449,6,49,22,4,10,22218,0
7937,1982,42,0,0,5/07/2022,230,161,575,138,69,161,3,49,6,0,3,1334,0
7943,1975,49,1,0,12/07/2022,414,0,138,69,69,115,3,14,2,2,3,805,0
7947,1969,55,1,1,11/06/2022,552,0,184,0,23,92,3,35,2,0,3,851,0
7959,1961,63,0,0,15/08/2022,15134,1840,11109,2829,299,299,3,7,6,4,5,31510,0
7962,1987,37,0,0,26/12/2021,29555,483,10327,2438,460,460,3,7,8,6,4,43723,0
7966,1959,65,1,1,27/03/2021,11615,3151,9223,2392,506,506,9,35,22,10,11,27393,0
7990,1947,77,0,0,19/10/2020,207,23,46,69,46,0,3,42,0,0,3,391,0
8015,1962,62,0,0,20/07/2021,16422,1748,9085,2668,0,276,3,7,8,12,9,30199,0
8017,1981,43,1,1,5/09/2022,506,0,437,138,115,69,6,42,4,0,3,1265,0
8041,1971,53,0,1,25/11/2020,13685,1633,3519,2760,2576,943,18,63,6,4,10,25116,0
8070,1973,51,0,1,18/05/2022,4577,276,713,69,276,161,3,21,6,6,5,6072,0
8079,1982,42,1,0,15/05/2022,69,23,184,529,46,414,9,21,4,2,3,1265,0
8080,1986,38,0,0,3/11/2020,115,23,138,69,92,69,3,28,0,0,3,506,1
8086,1959,65,1,1,27/02/2022,1104,0,46,0,0,115,6,49,4,0,3,1265,0
8091,1956,68,0,1,19/11/2020,9729,4232,8464,299,2231,483,3,35,12,8,6,25438,0
8093,1969,55,0,0,14/09/2022,13156,184,5336,529,1426,391,3,7,8,6,6,21022,0
8104,1951,73,0,0,26/10/2021,5543,0,276,0,0,575,3,49,10,2,5,6394,0
8135,1986,38,1,0,14/01/2022,161,92,529,161,0,253,3,49,2,0,3,1196,0
8143,1985,39,0,0,16/10/2021,4646,46,1058,69,46,230,6,49,8,4,5,6095,0
8147,1960,64,1,1,22/09/2021,644,0,253,0,0,207,9,56,4,0,3,1104,0
8164,1978,46,0,0,11/02/2022,23529,2139,14973,1127,1265,851,3,14,10,12,7,43884,1
8175,1992,32,0,0,7/09/2021,782,92,1518,69,230,460,3,49,4,2,4,3151,0
8204,1971,53,0,0,4/03/2021,11086,805,12719,1656,3680,391,3,14,8,8,9,30337,0
8207,1957,67,0,1,4/06/2022,644,0,207,69,0,0,3,28,2,0,3,920,0
8210,1975,49,0,1,1/11/2021,7314,69,391,92,161,1288,15,28,8,2,8,9315,0
8212,1971,53,0,1,14/06/2021,1955,345,621,299,299,483,6,49,6,2,4,4002,0
8216,1972,52,1,1,28/12/2021,3634,0,1748,299,161,1633,18,35,8,8,3,7475,0
8230,1980,44,1,0,11/04/2022,506,46,713,161,92,115,3,49,4,0,3,1633,0
8233,1950,74,0,1,14/04/2022,11684,115,483,161,115,230,12,35,14,6,7,12788,0
8254,1974,50,1,0,30/06/2021,322,0,46,0,0,161,3,56,2,0,2,529,0
8278,1990,34,0,0,12/11/2020,19849,1909,12581,1978,2277,759,3,35,16,4,5,39353,1
8299,1989,35,0,0,28/11/2021,920,46,345,184,0,138,3,28,2,2,3,1633,0
8312,1961,63,0,0,1/09/2022,23,207,161,46,322,230,3,42,4,0,3,989,0
8315,1995,29,0,0,12/06/2022,92,46,253,46,0,92,3,42,2,0,2,529,0
8334,1971,53,1,1,21/12/2021,1817,23,713,92,92,276,9,42,4,2,4,3013,0
8341,1969,55,1,0,17/07/2022,345,0,138,0,23,276,6,49,2,2,2,782,0
8360,1971,53,1,1,24/01/2022,2553,368,851,161,207,414,9,21,6,2,5,4554,0
8362,1982,42,0,0,24/10/2021,33994,437,9269,0,437,0,3,21,14,12,6,44137,1
8372,1974,50,1,0,17/09/2021,69,69,161,138,46,207,3,49,2,0,2,690,0
8387,1957,67,0,1,24/03/2021,3082,184,1748,138,0,253,3,42,8,2,5,5405,0
8395,1961,63,0,0,6/11/2020,22540,851,6095,805,3749,713,3,42,6,12,12,34753,0
8397,1951,73,1,1,29/03/2022,414,0,115,0,0,253,6,49,2,2,2,782,0
8402,1953,71,0,1,5/03/2022,7567,805,5106,2990,805,989,6,28,14,10,8,18262,0
8405,1979,45,1,1,17/12/2021,3105,575,1173,529,575,1058,6,21,8,4,5,7015,0
8414,1962,62,0,1,3/11/2021,1288,0,276,0,0,414,6,49,4,0,4,1978,0
8416,1981,43,1,0,15/02/2022,138,138,345,230,115,46,6,42,4,0,3,1012,0
8418,1958,66,1,1,16/06/2022,161,230,391,184,138,299,6,49,4,0,3,1403,0
8427,1956,68,0,0,9/02/2021,12788,322,16491,4830,0,989,3,28,14,10,10,35420,0
8443,1972,52,1,0,29/04/2022,138,230,276,69,345,920,9,56,6,2,2,1978,0
8523,1968,56,1,0,2/03/2022,552,23,368,276,46,115,9,56,8,0,3,1380,0
8524,1974,50,1,0,5/12/2020,920,69,690,230,161,253,9,63,6,0,3,2323,0
8534,1952,72,0,2,2/10/2021,14145,644,5957,276,1104,690,12,28,12,10,13,22816,0
8537,1949,75,0,0,16/05/2021,12098,1840,12719,2829,2162,1219,3,14,6,20,7,32867,0
8545,1954,70,0,0,7/06/2022,29808,391,7153,1035,1587,1173,3,7,4,8,10,41147,0
8560,1992,32,0,0,27/11/2020,8073,368,3588,161,115,3335,3,42,12,8,7,15640,1
8588,1961,63,1,1,11/11/2020,4623,46,989,69,115,805,12,42,10,2,5,6647,0
8602,1964,60,0,1,29/08/2021,9476,3956,3519,3450,2415,1311,6,28,14,12,11,24127,0
8624,1958,66,0,0,25/04/2021,4209,759,11339,1357,2369,1311,3,14,8,6,10,21344,0
8625,1976,48,1,0,29/01/2022,345,23,529,0,115,23,9,56,6,0,3,1035,0
8629,1956,68,1,1,12/06/2021,437,23,230,46,23,184,3,35,2,0,3,943,0
8663,1974,50,1,1,8/08/2022,253,0,69,0,0,23,3,42,2,0,2,345,0
8685,1977,47,1,0,3/11/2020,5612,345,2484,92,345,1150,18,56,14,2,6,10028,0
8700,1986,38,0,0,10/03/2021,161,161,322,161,368,345,9,49,4,2,3,1518,0
8707,1956,68,0,0,8/11/2020,12995,966,12604,1472,1909,2277,3,21,10,12,4,32223,0
8722,1957,67,0,0,23/01/2021,12788,1242,19435,4646,3059,1449,3,21,14,14,10,42619,0
8726,1964,60,1,1,16/07/2022,1771,184,1012,230,230,575,15,42,6,2,4,4002,0
8732,1969,55,0,1,3/02/2021,29854,0,1610,851,322,966,12,28,14,8,10,33603,0
8779,1985,39,1,0,2/09/2021,1288,92,1748,391,23,414,12,63,8,2,3,3956,0
8783,1950,74,0,1,25/11/2020,6808,299,2392,253,299,391,9,21,8,4,9,10442,0
8786,1956,68,0,1,12/08/2021,6923,161,1702,230,0,1334,12,42,12,2,7,10350,0
8789,1989,35,1,0,30/03/2022,805,920,2553,828,920,276,9,28,6,2,7,6302,0
8799,1984,40,1,0,10/12/2021,1610,138,1587,46,69,69,9,49,6,2,4,3519,0
8800,1943,81,0,0,20/04/2021,10051,184,4738,3680,1127,966,6,42,14,20,5,20746,0
8805,1960,64,0,1,18/02/2021,6509,230,874,0,299,621,12,56,14,4,4,8533,0
8812,1979,45,1,0,27/05/2021,276,69,184,184,0,391,6,49,4,0,3,1104,0
8852,1976,48,0,1,17/11/2020,8901,2898,7866,0,1035,4140,15,42,16,8,11,24840,0
8858,1972,52,0,1,24/05/2021,11868,0,483,0,0,115,12,56,16,4,7,12466,0
8895,1985,39,0,0,22/12/2020,7981,1012,12282,391,0,598,3,14,6,10,12,22264,0
8897,1965,59,1,1,11/07/2021,9016,115,2093,644,598,2576,24,56,14,6,7,15042,0
8911,1967,57,0,1,25/06/2021,4623,1219,3956,2668,1771,1909,9,28,10,8,9,16146,0
8916,1975,49,2,0,9/10/2021,207,23,115,0,0,23,3,35,0,0,3,368,0
8920,1967,57,1,0,31/03/2021,10304,920,10787,1840,0,2093,9,49,22,4,12,25944,0
8925,1965,59,0,1,19/09/2021,11776,1219,2254,1863,4117,2047,9,35,16,10,10,23276,0
8933,1983,41,1,0,29/07/2022,598,69,529,92,161,69,6,42,4,0,4,1518,0
8945,1970,54,0,1,2/11/2021,3933,0,253,0,23,460,6,42,8,2,4,4669,0
8952,1953,71,0,1,22/01/2021,9131,1058,6624,460,874,1610,6,21,12,10,10,19757,0
8957,1952,72,1,1,27/08/2021,11040,1978,5727,1725,1978,3312,24,42,12,6,5,25760,0
8969,1977,47,0,1,4/04/2021,12604,713,9706,0,2576,644,12,21,10,10,11,26243,0
8975,1968,56,1,1,14/04/2022,322,69,483,46,23,644,12,56,6,2,2,1587,0
8977,1985,39,0,0,31/03/2021,23,69,92,46,69,253,3,28,0,0,3,552,0
9010,1972,52,0,0,29/04/2021,22264,3381,19366,3151,966,4830,3,14,10,14,10,53958,1
9014,1975,49,1,1,12/09/2022,897,23,368,46,0,69,12,56,6,0,3,1403,0
9029,1972,52,0,0,14/04/2021,16261,1012,13869,2185,1334,667,3,7,4,16,12,35328,1
9064,1982,42,0,0,26/01/2021,18929,575,10557,2852,667,2185,3,28,12,12,7,35765,1
9080,1972,52,1,1,8/09/2021,874,92,506,69,69,69,9,56,6,0,3,1679,0
9094,1955,69,0,1,20/10/2020,7199,345,1081,460,0,4416,6,42,14,8,3,13501,0
9097,1956,68,0,1,20/01/2022,5612,184,736,161,46,1150,12,28,6,2,8,7889,0
9121,1972,52,1,0,6/08/2021,28014,368,6256,2392,0,1840,6,42,10,6,6,38870,1
9145,1972,52,0,1,23/06/2021,13892,598,10810,2829,3703,2162,6,14,10,18,6,33994,1
9150,1963,61,1,1,29/06/2022,1196,0,207,0,0,23,6,28,2,0,4,1426,0
9166,1968,56,0,1,26/10/2021,8901,1932,3243,1679,805,3726,9,14,8,8,12,20286,0
9167,1956,68,0,1,12/06/2021,10695,1633,5750,2139,805,1426,9,42,18,4,12,22448,0
9197,1953,71,0,1,13/05/2022,736,0,115,46,0,184,6,35,4,0,3,1081,0
9212,1962,62,0,1,3/05/2021,27715,0,5405,437,322,4715,18,49,12,6,13,38594,0
9216,1971,53,1,1,11/04/2022,529,46,253,69,23,92,6,42,4,0,3,1012,0
9220,1971,53,0,0,5/04/2021,13248,3956,22103,2875,2645,437,3,21,16,12,5,45264,1
9224,1972,52,0,1,28/02/2021,18975,184,1219,253,0,5566,6,42,16,20,5,26197,0
9239,1961,63,0,2,12/10/2021,2116,92,414,69,69,138,3,21,4,2,4,2898,0
9242,1990,34,0,0,3/11/2021,19228,4255,13225,552,575,1771,3,28,12,6,9,39606,1
9256,1971,53,0,1,23/03/2021,11339,598,4738,2668,1840,1840,12,42,16,6,12,23023,0
9264,1986,38,0,0,14/07/2022,9729,966,16238,1679,4531,4531,3,14,8,16,9,37674,1
9289,1979,45,1,0,27/06/2022,667,23,391,0,69,299,3,56,4,2,2,1449,0
9291,1959,65,0,1,9/06/2022,184,46,92,0,0,23,3,35,0,0,3,345,0
9292,1952,72,0,0,12/01/2021,7452,3036,15939,621,2714,2024,3,14,8,22,7,31786,0
9303,1976,48,0,1,16/10/2021,276,92,161,23,69,115,0,91,2,0,0,736,0
9305,1976,48,0,0,29/07/2021,7153,598,14720,4140,851,2783,3,14,8,18,13,30245,0
9308,1954,70,0,0,28/07/2021,9154,1403,6095,3174,1403,1219,3,7,6,8,6,22448,0
9349,1985,39,0,0,7/03/2022,15939,483,2714,2530,3381,966,3,14,12,10,11,26013,0
9353,1959,65,0,1,25/03/2022,11845,1081,6141,1426,1518,874,6,21,10,10,4,22885,0
9362,1965,59,0,1,22/05/2022,11316,115,736,299,115,483,3,42,18,2,7,13064,0
9384,1978,46,1,1,29/08/2021,7544,207,2852,276,552,2507,21,21,8,4,10,13938,0
9392,1971,53,1,0,25/07/2022,92,23,253,0,0,23,3,49,2,0,2,391,0
9400,1958,66,0,0,7/09/2022,14490,598,14053,1012,414,1242,3,14,12,12,6,31809,0
9405,1954,70,1,1,1/01/2021,1932,69,1403,46,23,483,9,49,6,2,4,3956,0
9423,1979,45,1,0,12/05/2022,299,69,391,161,69,69,6,35,4,0,4,1058,0
9451,1965,59,0,1,11/02/2021,18653,1748,9844,2277,3151,2461,9,49,20,8,9,38134,0
9467,1984,40,1,0,28/07/2022,69,46,230,69,0,46,3,42,2,0,3,460,0
9477,1954,70,0,1,30/03/2022,8832,0,2346,483,736,115,9,28,12,4,9,12512,0
9481,1976,48,1,0,16/04/2022,207,207,253,299,230,368,12,56,6,2,3,1564,0
9485,1986,38,0,0,27/05/2022,2346,207,1127,552,69,276,3,28,4,2,6,4577,0
9493,1980,44,0,0,22/07/2021,19320,1219,18492,529,1633,391,3,21,10,8,8,41584,1
9499,1954,70,1,2,24/07/2021,29417,345,6601,460,0,345,9,35,6,8,7,37168,0
9500,1959,65,0,1,13/04/2021,5083,2392,3887,2346,1794,1932,9,49,18,4,8,17434,0
9503,1980,44,0,0,15/11/2020,897,759,2990,943,598,1012,6,56,10,2,5,7199,0
9507,1975,49,0,1,24/06/2021,6003,529,1679,92,529,1150,6,49,12,6,5,9982,0
9516,1971,53,0,0,4/11/2020,14260,1242,5497,2277,2254,2737,6,49,18,14,10,28267,0
9530,1988,36,1,0,18/01/2021,115,69,92,92,23,0,3,56,2,0,2,391,0
9553,1987,37,0,0,28/03/2021,0,46,69,92,23,115,3,42,0,0,3,345,0
9559,1961,63,0,1,12/04/2022,21712,0,1380,0,0,690,6,35,14,10,13,23782,0
9589,1948,76,0,0,22/06/2022,7636,4462,8671,3427,2875,1311,0,7,8,12,7,28382,0
9596,1980,44,0,0,11/03/2022,8395,736,2691,782,2530,138,3,14,6,6,13,15272,0
9606,1965,59,0,0,13/11/2021,20286,667,11822,874,667,1012,3,21,8,4,6,35328,0
9612,1987,37,0,0,26/04/2022,23,184,138,92,184,368,3,49,2,0,3,989,0
9635,1983,41,0,0,7/07/2022,1518,46,920,92,69,322,3,42,6,2,3,2967,0
9645,1968,56,0,0,31/12/2020,21160,3174,3864,828,1058,690,3,42,18,8,10,30774,0
9648,1967,57,1,1,20/01/2021,3519,92,1288,0,207,713,12,56,10,2,4,5819,0
9653,1975,49,0,1,2/01/2021,621,23,322,92,23,483,6,56,4,0,3,1564,0
9665,1957,67,0,1,14/07/2021,6141,69,690,92,0,1311,12,42,10,4,5,8303,0
9668,1971,53,1,0,31/03/2021,92,368,460,0,391,460,9,56,4,0,4,1771,0
9672,1970,54,1,1,9/03/2022,184,69,207,437,92,506,9,42,2,2,3,1495,0
9687,1975,49,0,0,17/08/2022,4232,4002,5888,1150,690,736,3,14,10,8,6,16698,0
9706,1974,50,1,0,10/09/2021,1426,23,460,92,0,161,6,56,4,2,3,2162,0
9710,1969,55,0,1,8/04/2021,16284,161,1426,0,0,345,6,56,22,6,7,18216,0
9723,1960,64,0,1,29/03/2021,12190,3266,4991,1426,207,1288,12,35,14,8,13,23368,0
9727,1957,67,0,0,17/05/2022,92,552,253,368,23,575,3,42,4,0,4,1863,0
9729,1955,69,1,1,19/08/2021,4347,230,5819,1288,989,1472,18,49,16,4,7,14145,0
9739,1963,61,0,1,7/04/2021,1426,0,506,69,23,598,6,49,4,4,2,2622,0
9743,1955,69,0,1,30/03/2021,33327,2047,3703,1587,805,2461,6,42,22,16,8,43930,0
9760,1963,61,0,1,13/04/2021,21919,0,1633,0,0,4002,18,56,20,10,10,27554,0
9771,1988,36,1,0,22/12/2020,2392,460,2323,552,345,115,18,63,10,2,5,6187,0
9790,1957,67,0,0,9/02/2022,20976,1656,3910,1081,828,2231,3,28,22,6,4,30682,0
9797,1956,68,0,1,30/06/2022,5244,437,2990,92,253,1173,6,14,6,6,8,10189,0
9817,1970,54,0,0,7/11/2020,19619,230,3289,299,230,460,6,56,18,8,12,24127,0
9847,1955,69,0,1,20/10/2020,7199,345,1081,460,0,4416,6,42,14,8,3,13501,0
9850,1972,52,1,0,15/02/2021,69,138,161,0,0,69,3,49,0,0,3,437,0
9855,1952,72,0,1,11/11/2021,20677,0,2323,0,0,460,3,28,12,12,13,23460,0
9904,1956,68,0,1,15/06/2021,7728,2829,6302,1058,2829,3243,15,21,12,10,12,23989,0
9916,1954,70,1,1,20/01/2021,782,23,322,0,0,115,9,56,4,0,3,1242,0
9923,1972,52,1,1,5/12/2021,1564,0,368,0,0,184,9,49,4,0,4,2116,0
9930,1944,80,0,0,22/01/2022,13938,3404,5244,345,3404,506,3,14,12,16,13,26841,0
9931,1963,61,1,1,9/09/2022,115,0,23,23,23,23,45,133,0,0,0,207,0
9937,1979,45,0,0,21/03/2022,4301,1863,3427,575,989,2093,3,7,4,4,12,13248,0
9958,1972,52,0,1,15/06/2022,14766,322,1127,0,161,1311,3,35,18,4,9,17687,0
9960,1991,33,1,0,17/07/2022,0,0,23,184,69,46,3,49,2,0,2,322,0
9964,1979,45,0,1,24/10/2021,3726,1150,2300,1265,690,621,3,28,8,4,8,9752,0
9967,1974,50,1,1,16/08/2021,3680,345,4508,345,253,1150,24,56,12,2,7,10281,0
9971,1964,60,0,1,28/06/2022,9131,437,1587,276,0,207,3,14,8,8,8,11638,0
9977,1973,51,0,1,4/12/2021,7383,253,7107,759,598,782,9,28,18,6,5,16882,0
9984,1981,43,1,1,13/06/2021,8027,368,3312,644,115,4186,15,56,16,10,4,16652,0
9988,1976,48,0,1,20/05/2021,12719,575,3266,1495,1541,184,9,28,12,6,13,19780,0
10010,1953,71,1,1,23/11/2020,2300,46,368,46,23,713,12,63,6,4,2,3496,0
10022,1973,51,1,1,28/04/2022,276,0,92,0,0,0,3,35,2,0,2,368,0
10031,1976,48,1,1,29/04/2021,460,46,529,69,23,92,15,56,6,0,4,1219,0
10033,1973,51,1,0,2/05/2022,46,69,230,253,46,230,3,42,2,0,3,874,0
10037,1993,31,0,0,21/07/2022,8625,3496,7705,2139,2093,1863,3,14,10,8,6,25921,0
10057,1951,73,0,0,5/10/2021,11569,621,9637,2070,3197,3519,3,49,10,14,9,30613,0
10061,1950,74,0,1,24/03/2021,16652,391,3289,0,184,4508,6,49,18,4,12,25024,0
10065,1970,54,0,0,20/10/2021,161,92,299,345,184,391,6,35,4,0,4,1472,0
10084,1972,52,2,0,4/08/2022,69,46,184,460,0,391,6,49,4,2,2,1150,0
10091,1956,68,0,1,6/08/2021,11960,460,8441,897,1863,920,6,35,12,6,6,24541,0
10092,1954,70,0,1,7/05/2021,24679,0,5750,3519,322,322,12,35,14,20,5,34592,0
10099,1984,40,1,0,22/12/2021,5474,2645,4945,3887,1587,1748,9,28,10,6,13,20286,1
10127,1965,59,0,1,23/06/2022,6923,253,1403,92,161,253,3,49,16,4,4,9085,0
10133,1970,54,0,0,1/05/2022,29946,1564,16813,2047,2622,1035,0,14,12,14,12,54027,1
10141,1960,64,0,0,27/07/2021,161,23,138,0,69,69,3,28,0,0,3,460,0
10142,1976,48,0,1,24/05/2021,8556,414,2898,1081,1104,1794,6,28,10,4,11,15847,0
10150,1961,63,0,0,7/02/2022,10672,644,20079,667,414,851,0,14,14,8,7,33327,0
10157,1965,59,0,1,13/04/2022,2047,345,2047,782,966,115,3,28,8,2,6,6302,0
10159,1970,54,0,1,17/06/2021,10120,1863,8464,0,2806,4002,18,42,22,10,9,27255,0
10163,1984,40,0,0,27/11/2021,16376,1150,9660,1495,874,874,3,28,16,8,7,30429,0
10164,1958,66,0,1,20/06/2022,23391,759,9591,2484,2300,368,3,35,10,10,5,38893,0
10175,1958,66,0,1,18/10/2021,414,0,46,0,0,46,3,28,2,0,3,506,0
10176,1968,56,0,1,10/11/2020,3657,0,2760,0,0,3151,21,56,8,8,8,9568,0
10177,1954,70,0,1,3/05/2021,12213,1587,6900,3450,3174,3450,9,14,10,8,8,30774,0
10196,1978,46,2,0,29/05/2022,4876,2829,4071,345,1472,529,6,28,16,4,8,14122,0
10241,1975,49,0,0,3/03/2022,0,0,0,138,46,138,3,42,2,0,2,322,0
10245,1986,38,0,0,17/01/2021,3680,1840,8487,1541,897,943,3,7,6,6,8,17388,0
10258,1965,59,2,1,23/07/2021,621,0,115,0,0,69,6,56,2,0,3,805,0
10262,1980,44,2,0,27/07/2021,184,46,345,0,230,414,12,35,6,2,3,1219,0
10270,1981,43,1,0,20/12/2021,253,115,506,276,115,253,6,49,6,0,3,1518,0
10281,1970,54,1,0,26/04/2022,4140,1380,5543,299,1242,1242,6,28,10,10,7,13846,0
10286,1962,62,0,0,22/04/2022,7314,184,9361,3450,805,184,3,0,4,16,13,21298,0
10304,1959,65,0,0,16/03/2021,138,23,161,529,92,437,3,56,2,2,2,1380,0
10307,1956,68,0,2,17/11/2021,8487,207,2001,276,322,782,9,35,12,4,8,12075,0
10311,1969,55,0,1,22/12/2021,368,92,276,46,92,7383,0,7,50,0,0,8257,0
10319,1971,53,0,1,15/05/2021,25070,276,2208,368,276,1380,12,56,6,8,11,29578,1
10323,1952,72,0,1,11/01/2022,4715,161,943,69,46,1058,6,35,8,4,5,6992,0
10343,1991,33,0,0,16/12/2020,13915,2093,9177,0,1035,4715,6,21,6,12,8,30935,1
10352,1963,61,1,1,24/11/2020,1150,92,644,138,69,598,9,63,6,2,2,2691,0
10356,1957,67,1,1,9/12/2020,667,0,46,0,0,23,3,49,2,0,3,736,0
10380,1972,52,1,0,7/12/2021,920,23,920,92,69,414,3,56,6,0,3,2438,0
10390,1959,65,0,1,29/04/2021,138,161,92,69,92,138,3,42,2,0,3,690,0
10394,1984,40,0,0,11/03/2022,15525,3312,3059,2162,4416,5543,3,7,8,16,5,34017,1
10395,1986,38,1,0,8/11/2020,23,1035,69,92,138,966,9,56,6,2,3,2323,0
10398,1981,43,1,0,13/11/2020,23,138,46,184,46,276,3,49,2,0,2,713,0
10402,1967,57,1,1,3/05/2021,575,23,207,46,23,23,6,56,2,0,3,897,0
10413,1984,40,0,0,12/07/2022,6302,1909,4968,3473,3243,5152,3,7,8,12,12,25047,1
10420,1955,69,0,1,22/07/2022,2185,322,1472,46,207,874,3,49,8,4,3,5106,0
10430,1973,51,1,1,26/12/2021,25898,644,4853,851,644,966,9,35,8,6,4,33856,1
10432,1974,50,1,0,18/04/2022,46,0,207,69,138,46,3,56,2,0,3,506,0
10446,1957,67,0,0,24/01/2021,4232,529,10258,690,529,529,3,14,10,8,7,16767,0
10448,1956,68,0,1,8/01/2021,3956,943,1978,1035,138,621,15,49,10,6,5,8671,0
10466,1965,59,1,1,8/11/2021,552,46,460,46,46,230,6,28,2,0,4,1380,0
10470,1979,45,1,0,1/06/2021,920,46,529,0,92,529,6,28,4,2,3,2116,0
10473,1956,68,0,1,27/11/2020,3634,437,6624,575,0,874,3,49,12,8,9,12144,0
10476,1958,66,0,1,30/07/2022,3082,253,1357,345,46,690,3,14,6,4,5,5773,0
10478,1950,74,1,1,14/12/2020,11109,0,2484,0,138,828,15,63,22,2,6,14559,0
10486,1948,76,0,0,15/08/2021,10948,1725,3726,667,3473,2231,3,14,8,8,8,22770,0
10489,1973,51,0,0,5/11/2021,15939,483,21275,713,552,1932,3,14,12,14,9,40894,0
10490,1969,55,1,1,26/02/2021,2300,1472,1817,1495,0,2507,6,49,12,4,4,9591,0
10500,1984,40,1,0,22/06/2022,437,23,460,368,322,644,6,35,6,0,4,2254,0
10507,1977,47,0,1,11/10/2021,15893,161,1587,0,161,529,12,56,4,4,7,18331,1
10509,1955,69,1,1,19/08/2022,1173,0,368,0,0,92,6,56,6,0,3,1633,0
10521,1977,47,1,1,28/11/2021,1449,138,1311,299,299,506,12,28,4,2,5,4002,0
10524,1963,61,0,1,6/09/2021,8878,529,2185,1242,943,4508,12,14,4,22,5,18285,0
10525,1986,38,1,0,30/12/2020,230,0,184,0,0,207,3,63,2,0,2,621,0
10530,1959,65,0,0,23/02/2022,9913,1886,10143,1840,460,2346,3,7,6,12,6,26588,0
10542,1968,56,1,1,22/10/2020,667,92,782,46,92,92,9,63,6,0,3,1771,0
10548,1995,29,0,0,26/05/2022,6509,391,8556,3174,2438,1012,3,7,6,16,12,22080,0
10552,1979,45,0,1,6/08/2021,1610,1242,2507,1840,207,1035,6,35,8,2,7,8441,0
10556,1959,65,0,1,10/08/2022,3979,299,3013,736,69,138,12,49,12,2,6,8234,0
10560,1980,44,1,0,2/09/2022,368,23,46,0,0,23,3,35,2,0,3,460,0
10582,1979,45,0,1,19/09/2021,4140,736,8004,1748,736,2070,6,14,10,4,12,17434,0
10595,1990,34,0,0,24/09/2021,46,138,644,299,92,368,3,49,4,0,3,1587,0
10602,1983,41,1,0,3/05/2021,667,276,1357,437,23,828,6,56,6,0,4,3588,0
10609,1962,62,0,1,29/12/2021,1633,0,299,69,23,0,6,28,2,2,4,2024,0
10617,1989,35,0,0,8/08/2022,184,92,230,46,46,92,6,35,6,0,3,690,0
10619,1994,30,0,0,19/02/2021,17710,667,20470,5750,621,552,3,21,14,6,7,45770,1
10634,1951,73,0,0,6/07/2022,2070,1541,3795,690,989,253,3,21,8,4,8,9338,0
10637,1964,60,1,2,20/03/2021,552,0,621,184,690,230,6,49,6,0,3,2277,0
10641,1978,46,1,1,15/03/2021,138,115,92,299,92,575,12,42,4,2,3,1311,0
10643,1987,37,0,0,29/03/2021,2852,1909,6141,1955,1357,805,6,35,10,4,11,15019,0
10660,1957,67,1,1,31/03/2022,8027,161,805,0,0,1081,9,49,16,4,4,10074,0
10669,1981,43,0,1,3/08/2021,6371,483,1472,1426,483,575,6,21,6,4,10,10810,1
10673,1976,48,0,1,3/02/2022,17480,1840,10718,391,299,1840,3,21,12,18,5,32568,0
10676,1982,42,0,0,19/01/2021,3335,4439,10557,4715,598,3335,6,14,6,16,7,26979,0
10691,1960,64,1,1,31/08/2021,253,0,230,0,46,460,3,42,2,2,2,989,0
10699,1985,39,1,0,2/09/2022,1058,0,920,69,0,69,6,56,6,0,3,2116,0
10701,1973,51,0,0,28/11/2021,16399,0,6072,2760,1840,782,3,28,14,16,12,27853,0
10702,1984,40,1,0,20/01/2021,4255,184,3059,1288,1288,276,6,49,14,2,7,10350,0
10710,1979,45,0,1,15/11/2020,115,46,69,69,0,115,3,56,2,0,2,414,0
10711,1945,79,0,0,19/12/2021,4991,1771,8579,2553,529,2139,3,7,6,12,12,20562,0
10736,1971,53,0,1,29/11/2021,12006,0,12006,5221,2760,3082,6,14,12,18,5,35075,0
10742,1983,41,0,0,16/05/2021,12236,483,2921,598,460,460,0,7,8,4,5,17158,0
10749,1991,33,0,0,5/12/2020,1679,414,1518,161,276,46,45,133,0,2,0,4094,0
10757,1967,57,1,0,12/03/2022,92,46,115,46,0,0,3,42,2,0,2,299,0
10766,1964,60,0,1,28/06/2022,9131,437,1587,276,0,207,3,14,8,8,8,11638,0
10770,1959,65,0,0,14/04/2022,5681,3703,6785,4830,1955,1081,6,14,8,14,13,24035,0
10779,1983,41,0,0,30/06/2022,345,115,322,0,92,253,3,49,2,0,3,1127,0
10785,1969,55,1,1,5/09/2022,552,23,230,46,0,92,6,35,4,0,3,943,0
10789,1964,60,1,1,12/05/2021,966,23,414,69,0,92,6,49,4,0,3,1564,0
10790,1985,39,1,0,8/05/2021,207,0,115,0,0,161,3,56,2,0,2,483,0
10795,1973,51,1,0,23/07/2022,437,69,437,69,23,69,6,49,4,0,3,1104,0
10821,1978,46,1,1,25/04/2021,4186,92,759,0,46,966,18,49,8,2,5,6049,0
10827,1967,57,1,1,24/10/2020,2024,69,483,92,23,667,12,63,6,0,4,3358,0
10833,1975,49,0,1,10/08/2022,18170,437,3059,276,0,437,9,42,16,6,13,22379,0
10846,1978,46,1,0,15/08/2022,7521,207,2875,575,92,3197,18,49,14,2,8,14467,0
10855,1968,56,1,0,10/04/2022,5382,322,1771,437,230,966,6,35,8,2,8,9108,0
10856,1980,44,0,1,18/09/2021,713,0,138,0,23,184,3,42,2,0,3,1058,0
10868,1951,73,0,0,25/04/2021,7912,1035,15042,2392,253,2622,6,21,6,8,10,29256,0
10870,1967,57,0,1,30/08/2021,16307,989,4186,966,2714,5681,6,35,18,6,4,30843,0
10872,1969,55,0,1,9/02/2021,25369,0,1035,0,0,782,9,56,8,4,11,27186,0
10888,1961,63,0,0,20/01/2022,6279,253,4094,1426,1909,667,6,42,16,8,6,14628,0
10897,1974,50,0,1,29/10/2020,17411,1840,4991,667,1840,253,15,42,18,12,12,27002,0
10909,1948,76,0,0,3/04/2022,22816,552,15962,1173,437,2737,0,7,10,20,5,43677,0
10913,1984,40,1,0,21/02/2021,69,46,276,0,23,207,3,56,2,0,2,621,0
10914,1970,54,1,1,29/12/2021,92,23,161,46,23,46,6,28,2,0,3,391,0
10925,1983,41,0,0,2/04/2022,5865,713,10258,920,1288,4025,3,7,6,20,11,23069,1
10936,1965,59,0,0,2/05/2021,13731,3818,13731,3956,3818,5727,3,21,10,12,4,44781,0
10949,1963,61,0,0,4/03/2022,25116,851,13616,3335,851,1265,3,21,10,10,8,45034,0
10951,1968,56,0,1,13/04/2022,6417,0,414,0,0,207,6,28,6,2,8,7038,0
10968,1969,55,0,1,9/02/2021,6118,483,6900,1495,184,1012,12,42,16,16,6,16192,0
10971,1977,47,2,0,20/11/2020,3979,184,2461,161,46,4048,12,63,14,4,3,10879,0
10981,1988,36,0,0,21/04/2022,9982,3151,9200,1035,3151,1035,3,7,6,8,10,27554,1
10995,1988,36,1,0,29/01/2021,368,115,690,184,161,598,9,56,6,0,4,2116,0
11010,1984,40,1,0,16/11/2021,437,69,414,69,23,0,9,56,6,0,3,1012,0
11031,1950,74,1,1,7/08/2021,598,23,230,46,0,23,3,35,2,0,3,920,0
11039,1975,49,0,1,4/12/2021,1886,759,1242,1633,690,943,6,35,10,4,4,7153,0
11074,1977,47,0,0,26/06/2022,11362,2116,8993,4462,253,5543,3,0,6,8,10,32729,1
11075,1978,46,1,1,15/01/2022,4209,46,1472,161,46,276,12,28,6,6,5,6210,0
11086,1984,40,1,0,6/04/2022,23,138,46,69,138,69,3,49,2,0,3,483,0
11092,1961,63,1,1,19/05/2022,276,23,483,46,46,69,6,49,4,0,3,943,0
11110,1973,51,1,0,30/06/2021,46,23,23,0,0,23,0,98,0,0,0,115,0
11121,1981,43,1,0,27/01/2021,46,322,644,368,69,161,12,63,8,0,3,1610,0
11166,1961,63,0,1,21/04/2021,5267,115,1288,69,46,460,6,49,12,4,4,7245,0
11171,1965,59,2,1,28/12/2021,6716,69,1771,230,69,598,21,49,12,6,5,9453,0
11181,1949,75,0,0,15/11/2021,46,23,46,23,23,23,0,0,0,0,0,184,0
11187,1978,46,1,0,6/08/2021,46,184,230,276,322,529,9,35,4,2,3,1587,0
